key,elevation
"25.23908,90.63944",78.0
"25.24008,90.63944",97.0
"25.23908,90.64044",59.0
"25.39466,90.69083",622.0
"25.39566,90.69083",613.0
"25.39466,90.69183",631.0
"25.51261,90.65861",373.0
"25.51361,90.65861",363.0
"25.51261,90.65961",368.0
"25.50781,90.68000",346.0
"25.50881,90.68000",355.0
"25.50781,90.68100",319.0
"25.50140,90.68972",242.0
"25.50240,90.68972",242.0
"25.50140,90.69072",244.0
"25.56000,90.37000",707.0
"25.56100,90.37000",751.0
"25.56000,90.37100",730.0
"25.56000,90.34000",757.0
"25.56100,90.34000",779.0
"25.56000,90.34100",705.0
"25.55000,90.33000",747.0
"25.55100,90.33000",750.0
"25.55000,90.33100",741.0
"25.51000,90.21000",261.0
"25.51100,90.21000",288.0
"25.51000,90.21100",277.0
"25.51028,90.21678",332.0
"25.51128,90.21678",335.0
"25.51028,90.21778",320.0
"25.50000,90.21000",211.0
"25.50100,90.21000",221.0
"25.50000,90.21100",221.0
"25.50000,90.22000",365.0
"25.50100,90.22000",350.0
"25.50000,90.22100",366.0
"25.25419,90.21486",44.0
"25.25519,90.21486",51.0
"25.25419,90.21586",43.0
"25.53000,89.98000",75.0
"25.53100,89.98000",78.0
"25.53000,89.98100",70.0
"25.57000,89.98000",36.0
"25.57100,89.98000",33.0
"25.57000,89.98100",50.0
"25.58000,89.99000",32.0
"25.58100,89.99000",32.0
"25.58000,89.99100",35.0
"25.60000,90.03000",73.0
"25.60100,90.03000",69.0
"25.60000,90.03100",61.0
"25.67000,90.18000",296.0
"25.67100,90.18000",303.0
"25.67000,90.18100",302.0
"25.60000,90.29000",632.0
"25.60100,90.29000",660.0
"25.60000,90.29100",661.0
"25.61000,90.29000",569.0
"25.61100,90.29000",532.0
"25.61000,90.29100",581.0
"25.61000,90.30000",677.0
"25.61100,90.30000",682.0
"25.61000,90.30100",690.0
"25.61000,90.31000",659.0
"25.61100,90.31000",669.0
"25.61000,90.31100",659.0
"25.62000,90.33000",690.0
"25.62100,90.33000",691.0
"25.62000,90.33100",692.0
"25.63000,90.33000",658.0
"25.63100,90.33000",666.0
"25.63000,90.33100",666.0
"25.65000,90.38000",511.0
"25.65100,90.38000",518.0
"25.65000,90.38100",515.0
"25.79000,90.44000",192.0
"25.79100,90.44000",204.0
"25.79000,90.44100",208.0
"26.00600,90.59500",50.0
"26.00700,90.59500",50.0
"26.00600,90.59600",53.0
"26.06100,90.60500",76.0
"26.06200,90.60500",95.0
"26.06100,90.60600",84.0
"26.38480,90.59430",101.0
"26.38580,90.59430",130.0
"26.38480,90.59530",70.0
"26.37330,90.54990",69.0
"26.37430,90.54990",101.0
"26.37330,90.55090",78.0
"26.39400,90.48000",62.0
"26.39500,90.48000",85.0
"26.39400,90.48100",47.0
"26.19800,90.29800",48.0
"26.19900,90.29800",93.0
"26.19800,90.29900",46.0
"27.74911,88.54297",2862.0
"27.75011,88.54297",2819.0
"27.74911,88.54397",2807.0
"27.74519,88.54428",2813.0
"27.74619,88.54428",2807.0
"27.74519,88.54528",2766.0
"27.74094,88.54536",2777.0
"27.74194,88.54536",2785.0
"27.74094,88.54636",2735.0
"27.74075,88.54525",2776.0
"27.74175,88.54525",2785.0
"27.74075,88.54625",2736.0
"27.73528,88.54925",2713.0
"27.73628,88.54925",2696.0
"27.73528,88.55025",2661.0
"27.72608,88.54975",2740.0
"27.72708,88.54975",2760.0
"27.72608,88.55075",2685.0
"27.72847,88.55167",2707.0
"27.72947,88.55167",2680.0
"27.72847,88.55267",2692.0
"27.72422,88.55286",2677.0
"27.72522,88.55286",2645.0
"27.72422,88.55386",2652.0
"27.72361,88.55047",2742.0
"27.72461,88.55047",2728.0
"27.72361,88.55147",2725.0
"27.71394,88.55736",2657.0
"27.71494,88.55736",2697.0
"27.71394,88.55836",2568.0
"27.70431,88.56069",2574.0
"27.70531,88.56069",2553.0
"27.70431,88.56169",2462.0
"27.70403,88.56175",2451.0
"27.70503,88.56175",2466.0
"27.70403,88.56275",2409.0
"27.70392,88.56231",2451.0
"27.70492,88.56231",2462.0
"27.70392,88.56331",2409.0
"27.65286,88.60700",1942.0
"27.65386,88.60700",1978.0
"27.65286,88.60800",2020.0
"27.66244,88.60256",2077.0
"27.66344,88.60256",2214.0
"27.66244,88.60356",2097.0
"27.67672,88.59719",2216.0
"27.67772,88.59719",2253.0
"27.67672,88.59819",2254.0
"27.69714,88.57025",2333.0
"27.69814,88.57025",2314.0
"27.69714,88.57125",2307.0
"27.70044,88.56608",2395.0
"27.70144,88.56608",2351.0
"27.70044,88.56708",2365.0
"27.70133,88.56508",2391.0
"27.70233,88.56508",2371.0
"27.70133,88.56608",2351.0
"27.64114,88.61200",1883.0
"27.64214,88.61200",1904.0
"27.64114,88.61300",1934.0
"27.63717,88.71203",2288.0
"27.63817,88.71203",2296.0
"27.63717,88.71303",2252.0
"27.63869,88.71169",2319.0
"27.63969,88.71169",2353.0
"27.63869,88.71269",2292.0
"27.67578,88.73342",2617.0
"27.67678,88.73342",2640.0
"27.67578,88.73442",2579.0
"27.68639,88.73875",2670.0
"27.68739,88.73875",2708.0
"27.68639,88.73975",2629.0
"27.62950,88.69278",2124.0
"27.63050,88.69278",2196.0
"27.62950,88.69378",2145.0
"27.62936,88.69519",2150.0
"27.63036,88.69519",2217.0
"27.62936,88.69619",2139.0
"27.62808,88.68531",2071.0
"27.62908,88.68531",2144.0
"27.62808,88.68631",2053.0
"27.61344,88.65653",1864.0
"27.61444,88.65653",1938.0
"27.61344,88.65753",1767.0
"27.61133,88.65522",1706.0
"27.61233,88.65522",1760.0
"27.61133,88.65622",1673.0
"27.62994,88.61983",1832.0
"27.63094,88.61983",1945.0
"27.62994,88.62083",1895.0
"27.61972,88.61886",1862.0
"27.62072,88.61886",1854.0
"27.61972,88.61986",1775.0
"27.62181,88.61869",1839.0
"27.62281,88.61869",1843.0
"27.62181,88.61969",1782.0
"27.61775,88.62364",1742.0
"27.61875,88.62364",1810.0
"27.61775,88.62464",1752.0
"27.60906,88.65203",1689.0
"27.61006,88.65203",1808.0
"27.60906,88.65303",1647.0
"27.57544,88.65142",1688.0
"27.57644,88.65142",1714.0
"27.57544,88.65242",1617.0
"27.55489,88.65444",1481.0
"27.55589,88.65444",1448.0
"27.55489,88.65544",1425.0
"27.55525,88.64756",1800.0
"27.55625,88.64756",1902.0
"27.55525,88.64856",1851.0
"27.55092,88.64606",1440.0
"27.55192,88.64606",1495.0
"27.55092,88.64706",1448.0
"27.55253,88.65353",1475.0
"27.55353,88.65353",1526.0
"27.55253,88.65453",1407.0
"27.54569,88.63600",1355.0
"27.54669,88.63600",1291.0
"27.54569,88.63700",1362.0
"27.54842,88.64194",1312.0
"27.54942,88.64194",1355.0
"27.54842,88.64294",1320.0
"27.54931,88.64489",1309.0
"27.55031,88.64489",1359.0
"27.54931,88.64589",1307.0
"27.54350,88.62831",1287.0
"27.54450,88.62831",1239.0
"27.54350,88.62931",1265.0
"27.55286,88.62231",1771.0
"27.55386,88.62231",1845.0
"27.55286,88.62331",1787.0
"27.54711,88.60267",1753.0
"27.54811,88.60267",1805.0
"27.54711,88.60367",1708.0
"27.53506,88.61019",1382.0
"27.53606,88.61019",1337.0
"27.53506,88.61119",1420.0
"27.53372,88.60928",1404.0
"27.53472,88.60928",1346.0
"27.53372,88.61028",1476.0
"27.55358,88.57719",1954.0
"27.55458,88.57719",2007.0
"27.55358,88.57819",1902.0
"27.55356,88.58122",1846.0
"27.55456,88.58122",1875.0
"27.55356,88.58222",1878.0
"27.54919,88.58356",1832.0
"27.55019,88.58356",1887.0
"27.54919,88.58456",1902.0
"27.54633,88.58647",1726.0
"27.54733,88.58647",1776.0
"27.54633,88.58747",1782.0
"27.54375,88.58475",1520.0
"27.54475,88.58475",1542.0
"27.54375,88.58575",1590.0
"27.54586,88.58519",1672.0
"27.54686,88.58519",1732.0
"27.54586,88.58619",1726.0
"27.53533,88.49797",874.0
"27.53633,88.49797",861.0
"27.53533,88.49897",871.0
"27.51731,88.54289",1310.0
"27.51831,88.54289",1238.0
"27.51731,88.54389",1283.0
"27.50200,88.53750",1209.0
"27.50300,88.53750",1181.0
"27.50200,88.53850",1225.0
"27.48603,88.53269",1055.0
"27.48703,88.53269",1096.0
"27.48603,88.53369",1075.0
"27.50910,88.53848",1228.0
"27.51010,88.53848",1162.0
"27.50910,88.53948",1253.0
"27.51728,88.53967",1257.0
"27.51828,88.53967",1216.0
"27.51728,88.54067",1305.0
"27.43839,88.51439",762.0
"27.43939,88.51439",802.0
"27.43839,88.51539",802.0
"27.44106,88.51369",753.0
"27.44206,88.51369",712.0
"27.44106,88.51469",806.0
"27.43308,88.51453",700.0
"27.43408,88.51453",678.0
"27.43308,88.51553",778.0
"27.43594,88.51517",766.0
"27.43694,88.51517",788.0
"27.43594,88.51617",841.0
"27.43878,88.52744",1266.0
"27.43978,88.52744",1339.0
"27.43878,88.52844",1316.0
"27.43814,88.52703",1261.0
"27.43914,88.52703",1266.0
"27.43814,88.52803",1295.0
"27.43656,88.52664",1233.0
"27.43756,88.52664",1233.0
"27.43656,88.52764",1306.0
"27.44831,88.51967",821.0
"27.44931,88.51967",923.0
"27.44831,88.52067",872.0
"27.46169,88.52347",935.0
"27.46269,88.52347",930.0
"27.46169,88.52447",973.0
"27.48258,88.52875",893.0
"27.48358,88.52875",889.0
"27.48258,88.52975",926.0
"27.48258,88.52953",926.0
"27.48358,88.52953",923.0
"27.48258,88.53053",966.0
"27.47950,88.52847",898.0
"27.48050,88.52847",888.0
"27.47950,88.52947",938.0
"27.48047,88.53119",1030.0
"27.48147,88.53119",1043.0
"27.48047,88.53219",1033.0
"27.48108,88.53067",1003.0
"27.48208,88.53067",990.0
"27.48108,88.53167",1074.0
"27.43789,88.60169",1783.0
"27.43889,88.60169",1765.0
"27.43789,88.60269",1744.0
"27.51497,88.56547",1387.0
"27.51597,88.56547",1317.0
"27.51497,88.56647",1405.0
"27.51520,88.56456",1374.0
"27.51620,88.56456",1331.0
"27.51520,88.56556",1349.0
"27.51644,88.58736",1451.0
"27.51744,88.58736",1437.0
"27.51644,88.58836",1500.0
"27.52733,88.59078",1457.0
"27.52833,88.59078",1450.0
"27.52733,88.59178",1561.0
"27.52964,88.59814",1440.0
"27.53064,88.59814",1406.0
"27.52964,88.59914",1448.0
"27.52719,88.60322",1517.0
"27.52819,88.60322",1441.0
"27.52719,88.60422",1511.0
"27.52872,88.60083",1451.0
"27.52972,88.60083",1412.0
"27.52872,88.60183",1400.0
"27.52792,88.60225",1473.0
"27.52892,88.60225",1400.0
"27.52792,88.60325",1441.0
"27.53167,88.60633",1435.0
"27.53267,88.60633",1426.0
"27.53167,88.60733",1458.0
"27.52772,88.60797",1495.0
"27.52872,88.60797",1494.0
"27.52772,88.60897",1568.0
"27.43744,88.61397",1563.0
"27.43844,88.61397",1640.0
"27.43744,88.61497",1586.0
"27.42956,88.61167",1535.0
"27.43056,88.61167",1535.0
"27.42956,88.61267",1566.0
"27.41744,88.62108",1410.0
"27.41844,88.62108",1544.0
"27.41744,88.62208",1394.0
"27.41739,88.62122",1410.0
"27.41839,88.62122",1544.0
"27.41739,88.62222",1394.0
"27.41867,88.61678",1446.0
"27.41967,88.61678",1510.0
"27.41867,88.61778",1480.0
"27.41847,88.61608",1434.0
"27.41947,88.61608",1493.0
"27.41847,88.61708",1446.0
"27.41211,88.62708",1385.0
"27.41311,88.62708",1342.0
"27.41211,88.62808",1398.0
"27.41211,88.62694",1385.0
"27.41311,88.62694",1342.0
"27.41211,88.62794",1398.0
"27.41731,88.62236",1394.0
"27.41831,88.62236",1477.0
"27.41731,88.62336",1396.0
"27.41797,88.62336",1394.0
"27.41897,88.62336",1413.0
"27.41797,88.62436",1366.0
"27.41800,88.62333",1394.0
"27.41900,88.62333",1413.0
"27.41800,88.62433",1366.0
"27.41778,88.62339",1394.0
"27.41878,88.62339",1413.0
"27.41778,88.62439",1366.0
"27.39400,88.62525",1606.0
"27.39500,88.62525",1667.0
"27.39400,88.62625",1610.0
"27.39544,88.62358",1634.0
"27.39644,88.62358",1681.0
"27.39544,88.62458",1651.0
"27.39550,88.62356",1634.0
"27.39650,88.62356",1681.0
"27.39550,88.62456",1651.0
"27.39808,88.61458",1657.0
"27.39908,88.61458",1723.0
"27.39808,88.61558",1646.0
"27.39564,88.62167",1612.0
"27.39664,88.62167",1639.0
"27.39564,88.62267",1620.0
"27.38381,88.63308",1713.0
"27.38481,88.63308",1652.0
"27.38381,88.63408",1748.0
"27.38128,88.63261",1772.0
"27.38228,88.63261",1785.0
"27.38128,88.63361",1853.0
"27.38444,88.63961",1627.0
"27.38544,88.63961",1622.0
"27.38444,88.64061",1650.0
"27.38108,88.64063",1675.0
"27.38208,88.64063",1662.0
"27.38108,88.64163",1713.0
"27.38192,88.64033",1662.0
"27.38292,88.64033",1700.0
"27.38192,88.64133",1728.0
"27.39306,88.63528",1602.0
"27.39406,88.63528",1687.0
"27.39306,88.63628",1600.0
"27.36506,88.65517",2387.0
"27.36606,88.65517",2453.0
"27.36506,88.65617",2432.0
"27.34092,88.62839",2040.0
"27.34192,88.62839",2081.0
"27.34092,88.62939",2009.0
"27.34144,88.62619",1994.0
"27.34244,88.62619",2020.0
"27.34144,88.62719",2000.0
"27.33719,88.62183",1792.0
"27.33819,88.62183",1810.0
"27.33719,88.62283",1774.0
"27.37631,88.62958",1789.0
"27.37731,88.62958",1737.0
"27.37631,88.63058",1809.0
"27.37861,88.63108",1803.0
"27.37961,88.63108",1806.0
"27.37861,88.63208",1889.0
"27.37581,88.62528",1858.0
"27.37681,88.62528",1744.0
"27.37581,88.62628",1858.0
"27.37233,88.61756",1875.0
"27.37333,88.61756",1799.0
"27.37233,88.61856",1900.0
"27.34872,88.60056",1222.0
"27.34972,88.60056",1239.0
"27.34872,88.60156",1229.0
"27.33825,88.60911",1558.0
"27.33925,88.60911",1592.0
"27.33825,88.61011",1626.0
"27.42636,88.58303",1681.0
"27.42736,88.58303",1737.0
"27.42636,88.58403",1670.0
"27.40825,88.57117",1684.0
"27.40925,88.57117",1729.0
"27.40825,88.57217",1643.0
"27.40970,88.54371",1544.0
"27.41070,88.54371",1622.0
"27.40970,88.54471",1574.0
"27.40967,88.54372",1544.0
"27.41067,88.54372",1622.0
"27.40967,88.54472",1574.0
"27.40986,88.54372",1544.0
"27.41086,88.54372",1695.0
"27.40986,88.54472",1574.0
"27.39708,88.51917",740.0
"27.39808,88.51917",693.0
"27.39708,88.52017",776.0
"27.42600,88.51400",648.0
"27.42700,88.51400",652.0
"27.42600,88.51500",736.0
"27.42003,88.51594",662.0
"27.42103,88.51594",683.0
"27.42003,88.51694",762.0
"27.41131,88.51661",582.0
"27.41231,88.51661",592.0
"27.41131,88.51761",726.0
"27.39556,88.51753",724.0
"27.39656,88.51753",689.0
"27.39556,88.51853",777.0
"27.33078,88.49225",847.0
"27.33178,88.49225",873.0
"27.33078,88.49325",882.0
"27.37519,88.54275",1890.0
"27.37619,88.54275",1864.0
"27.37519,88.54375",1822.0
"27.37458,88.54233",1899.0
"27.37558,88.54233",1925.0
"27.37458,88.54333",1781.0
"27.37458,88.54244",1899.0
"27.37558,88.54244",1925.0
"27.37458,88.54344",1781.0
"27.37514,88.54283",1890.0
"27.37614,88.54283",1864.0
"27.37514,88.54383",1822.0
"27.37844,88.54167",1722.0
"27.37944,88.54167",1665.0
"27.37844,88.54267",1744.0
"27.31503,88.55861",1301.0
"27.31603,88.55861",1303.0
"27.31503,88.55961",1280.0
"27.31503,88.55814",1297.0
"27.31603,88.55814",1309.0
"27.31503,88.55914",1301.0
"27.31392,88.55758",1266.0
"27.31492,88.55758",1246.0
"27.31392,88.55858",1236.0
"27.31694,88.56006",1305.0
"27.31794,88.56006",1338.0
"27.31694,88.56106",1302.0
"27.31600,88.55989",1281.0
"27.31700,88.55989",1298.0
"27.31600,88.56089",1261.0
"27.28408,88.54611",1544.0
"27.28508,88.54611",1608.0
"27.28408,88.54711",1502.0
"27.31508,88.50606",1497.0
"27.31608,88.50606",1471.0
"27.31508,88.50706",1464.0
"27.24086,88.48628",446.0
"27.24186,88.48628",500.0
"27.24086,88.48728",483.0
"27.24056,88.48025",355.0
"27.24156,88.48025",344.0
"27.24056,88.48125",352.0
"27.23924,88.48416",343.0
"27.24024,88.48416",359.0
"27.23924,88.48516",342.0
"27.24019,88.48628",405.0
"27.24119,88.48628",446.0
"27.24019,88.48728",448.0
"27.24003,88.48647",405.0
"27.24103,88.48647",446.0
"27.24003,88.48747",485.0
"27.22856,88.49389",347.0
"27.22956,88.49389",343.0
"27.22856,88.49489",368.0
"27.23339,88.50150",442.0
"27.23439,88.50150",481.0
"27.23339,88.50250",449.0
"27.23575,88.50647",445.0
"27.23675,88.50647",508.0
"27.23575,88.50747",418.0
"27.23578,88.50631",445.0
"27.23678,88.50631",508.0
"27.23578,88.50731",418.0
"27.23772,88.51384",479.0
"27.23872,88.51384",511.0
"27.23772,88.51484",448.0
"27.23636,88.50875",467.0
"27.23736,88.50875",524.0
"27.23636,88.50975",448.0
"27.23575,88.50797",402.0
"27.23675,88.50797",507.0
"27.23575,88.50897",393.0
"27.23658,88.50961",448.0
"27.23758,88.50961",572.0
"27.23658,88.51061",429.0
"27.25056,88.53325",502.0
"27.25156,88.53325",539.0
"27.25056,88.53425",536.0
"27.25164,88.53136",552.0
"27.25264,88.53136",568.0
"27.25164,88.53236",522.0
"27.24503,88.52439",518.0
"27.24603,88.52439",565.0
"27.24503,88.52539",483.0
"27.24514,88.52444",518.0
"27.24614,88.52444",565.0
"27.24514,88.52544",483.0
"27.26594,88.53456",1239.0
"27.26694,88.53456",1290.0
"27.26594,88.53556",1268.0
"27.25478,88.54244",671.0
"27.25578,88.54244",745.0
"27.25478,88.54344",624.0
"27.25528,88.54361",684.0
"27.25628,88.54361",755.0
"27.25528,88.54461",643.0
"27.25969,88.55042",703.0
"27.26069,88.55042",765.0
"27.25969,88.55142",659.0
"27.25797,88.54886",689.0
"27.25897,88.54886",748.0
"27.25797,88.54986",658.0
"27.26258,88.56239",627.0
"27.26358,88.56239",665.0
"27.26258,88.56339",743.0
"27.26436,88.55839",677.0
"27.26536,88.55839",767.0
"27.26436,88.55939",648.0
"27.25677,88.55359",650.0
"27.25777,88.55359",622.0
"27.25677,88.55459",669.0
"27.23769,88.59881",1230.0
"27.23869,88.59881",1243.0
"27.23769,88.59981",1214.0
"27.23569,88.60250",1242.0
"27.23669,88.60250",1251.0
"27.23569,88.60350",1283.0
"27.23575,88.60239",1217.0
"27.23675,88.60239",1225.0
"27.23575,88.60339",1283.0
"27.23811,88.60153",1225.0
"27.23911,88.60153",1253.0
"27.23811,88.60253",1247.0
"27.24144,88.60681",1401.0
"27.24244,88.60681",1452.0
"27.24144,88.60781",1378.0
"27.31583,88.60667",1447.0
"27.31683,88.60667",1486.0
"27.31583,88.60767",1406.0
"27.29294,88.58942",854.0
"27.29394,88.58942",865.0
"27.29294,88.59042",864.0
"27.28244,88.59892",815.0
"27.28344,88.59892",823.0
"27.28244,88.59992",842.0
"27.32947,88.64892",1398.0
"27.33047,88.64892",1364.0
"27.32947,88.64992",1397.0
"27.32936,88.64928",1397.0
"27.33036,88.64928",1386.0
"27.32936,88.65028",1435.0
"27.29356,88.64206",1482.0
"27.29456,88.64206",1520.0
"27.29356,88.64306",1482.0
"27.24619,88.62569",1486.0
"27.24719,88.62569",1506.0
"27.24619,88.62669",1518.0
"27.24606,88.62575",1486.0
"27.24706,88.62575",1506.0
"27.24606,88.62675",1518.0
"27.22975,88.61936",1209.0
"27.23075,88.61936",1254.0
"27.22975,88.62036",1256.0
"27.23342,88.63481",1567.0
"27.23442,88.63481",1612.0
"27.23342,88.63581",1552.0
"27.23592,88.64517",1517.0
"27.23692,88.64517",1590.0
"27.23592,88.64617",1514.0
"27.25097,88.65983",1418.0
"27.25197,88.65983",1456.0
"27.25097,88.66083",1509.0
"27.25708,88.65975",1704.0
"27.25808,88.65975",1749.0
"27.25708,88.66075",1671.0
"27.25708,88.69658",1461.0
"27.25808,88.69658",1481.0
"27.25708,88.69758",1421.0
"27.25714,88.69756",1421.0
"27.25814,88.69756",1444.0
"27.25714,88.69856",1407.0
"27.25267,88.69419",1461.0
"27.25367,88.69419",1488.0
"27.25267,88.69519",1439.0
"27.25089,88.71544",1178.0
"27.25189,88.71544",1213.0
"27.25089,88.71644",1228.0
"27.25475,88.71100",1041.0
"27.25575,88.71100",1074.0
"27.25475,88.71200",1107.0
"27.25983,88.71172",1144.0
"27.26083,88.71172",1119.0
"27.25983,88.71272",1202.0
"27.25600,88.70617",1172.0
"27.25700,88.70617",1172.0
"27.25600,88.70717",1128.0
"27.25822,88.70478",1245.0
"27.25922,88.70478",1254.0
"27.25822,88.70578",1215.0
"27.37867,88.69961",3124.0
"27.37967,88.69961",3140.0
"27.37867,88.70061",3074.0
"27.37842,88.69722",3098.0
"27.37942,88.69722",3145.0
"27.37842,88.69822",3138.0
"27.37228,88.68894",2967.0
"27.37328,88.68894",3023.0
"27.37228,88.68994",3017.0
"27.36931,88.69158",2858.0
"27.37031,88.69158",2897.0
"27.36931,88.69258",2795.0
"27.37047,88.68642",2735.0
"27.37147,88.68642",2815.0
"27.37047,88.68742",2770.0
"27.37086,88.68317",2816.0
"27.37186,88.68317",2873.0
"27.37086,88.68417",2795.0
"27.37028,88.67361",2534.0
"27.37128,88.67361",2571.0
"27.37028,88.67461",2531.0
"27.37181,88.67717",2600.0
"27.37281,88.67717",2661.0
"27.37181,88.67817",2616.0
"27.37008,88.67925",2616.0
"27.37108,88.67925",2657.0
"27.37008,88.68025",2663.0
"27.37075,88.67944",2616.0
"27.37175,88.67944",2682.0
"27.37075,88.68044",2663.0
"27.38131,88.69044",3131.0
"27.38231,88.69044",3194.0
"27.38131,88.69144",3101.0
"27.38156,88.69181",3092.0
"27.38256,88.69181",3197.0
"27.38156,88.69281",3140.0
"27.38336,88.70261",3252.0
"27.38436,88.70261",3362.0
"27.38336,88.70361",3267.0
"27.37281,88.73914",3513.0
"27.37381,88.73914",3575.0
"27.37281,88.74014",3556.0
"27.37347,88.73172",3454.0
"27.37447,88.73172",3518.0
"27.37347,88.73272",3463.0
"27.37503,88.72828",3325.0
"27.37603,88.72828",3349.0
"27.37503,88.72928",3407.0
"27.37583,88.72672",3390.0
"27.37683,88.72672",3426.0
"27.37583,88.72772",3349.0
"27.38081,88.72600",3605.0
"27.38181,88.72600",3662.0
"27.38081,88.72700",3573.0
"27.37347,88.72194",3331.0
"27.37447,88.72194",3377.0
"27.37347,88.72294",3314.0
"27.37308,88.72003",3286.0
"27.37408,88.72003",3325.0
"27.37308,88.72103",3273.0
"27.36933,88.71492",3248.0
"27.37033,88.71492",3277.0
"27.36933,88.71592",3202.0
"27.37514,88.70803",3123.0
"27.37614,88.70803",3155.0
"27.37514,88.70903",3186.0
"27.36819,88.71117",3139.0
"27.36919,88.71117",3180.0
"27.36819,88.71217",3188.0
"27.36828,88.71128",3139.0
"27.36928,88.71128",3180.0
"27.36828,88.71228",3188.0
"27.37097,88.71011",3173.0
"27.37197,88.71011",3230.0
"27.37097,88.71111",3241.0
"27.37147,88.70972",3124.0
"27.37247,88.70972",3200.0
"27.37147,88.71072",3173.0
"27.36711,88.77603",3925.0
"27.36811,88.77603",3931.0
"27.36711,88.77703",3912.0
"27.36458,88.78733",3892.0
"27.36558,88.78733",3899.0
"27.36458,88.78833",3890.0
"27.36892,88.79461",3942.0
"27.36992,88.79461",3968.0
"27.36892,88.79561",3895.0
"27.37475,88.78289",3921.0
"27.37575,88.78289",3928.0
"27.37475,88.78389",3877.0
"27.37831,88.77008",3829.0
"27.37931,88.77008",3907.0
"27.37831,88.77108",3826.0
"27.37686,88.76617",3824.0
"27.37786,88.76617",3902.0
"27.37686,88.76717",3821.0
"27.38375,88.80869",3952.0
"27.38475,88.80869",3938.0
"27.38375,88.80969",3923.0
"27.38086,88.81236",3974.0
"27.38186,88.81236",3993.0
"27.38086,88.81336",4075.0
"27.36158,88.83931",3816.0
"27.36258,88.83931",3811.0
"27.36158,88.84031",3876.0
"27.35858,88.84019",3864.0
"27.35958,88.84019",3883.0
"27.35858,88.84119",3899.0
"27.36472,88.83492",3896.0
"27.36572,88.83492",3933.0
"27.36472,88.83592",3849.0
"27.37622,88.79967",3999.0
"27.37722,88.79967",4036.0
"27.37622,88.80067",3946.0
"27.31450,88.83650",4127.0
"27.31550,88.83650",4137.0
"27.31450,88.83750",4124.0
"27.29258,88.82042",3815.0
"27.29358,88.82042",3792.0
"27.29258,88.82142",3784.0
"27.28867,88.81611",3791.0
"27.28967,88.81611",3783.0
"27.28867,88.81711",3786.0
"27.27997,88.80428",3694.0
"27.28097,88.80428",3741.0
"27.27997,88.80528",3678.0
"27.26469,88.79267",3625.0
"27.26569,88.79267",3691.0
"27.26469,88.79367",3623.0
"27.26150,88.78878",3355.0
"27.26250,88.78878",3428.0
"27.26150,88.78978",3400.0
"27.26525,88.78956",3584.0
"27.26625,88.78956",3621.0
"27.26525,88.79056",3622.0
"27.26539,88.78828",3535.0
"27.26639,88.78828",3560.0
"27.26539,88.78928",3584.0
"27.26328,88.78667",3373.0
"27.26428,88.78667",3443.0
"27.26328,88.78767",3431.0
"27.25353,88.78611",3135.0
"27.25453,88.78611",3108.0
"27.25353,88.78711",3164.0
"27.17925,88.65875",1308.0
"27.18025,88.65875",1344.0
"27.17925,88.65975",1310.0
"27.19893,88.66095",1025.0
"27.19993,88.66095",969.0
"27.19893,88.66195",1031.0
"27.19886,88.66050",1016.0
"27.19986,88.66050",965.0
"27.19886,88.66150",1025.0
"27.20128,88.66538",981.0
"27.20228,88.66538",939.0
"27.20128,88.66638",1012.0
"27.20188,88.66728",947.0
"27.20288,88.66728",876.0
"27.20188,88.66828",954.0
"27.20505,88.68905",742.0
"27.20605,88.68905",776.0
"27.20505,88.69005",788.0
"27.22075,88.69983",1093.0
"27.22175,88.69983",1005.0
"27.22075,88.70083",1232.0
"27.20665,88.67995",750.0
"27.20765,88.67995",711.0
"27.20665,88.68095",762.0
"27.20761,88.67605",691.0
"27.20861,88.67605",758.0
"27.20761,88.67705",698.0
"27.20726,88.67282",726.0
"27.20826,88.67282",668.0
"27.20726,88.67382",729.0
"27.20387,88.65833",722.0
"27.20487,88.65833",649.0
"27.20387,88.65933",707.0
"27.22086,88.65711",1134.0
"27.22186,88.65711",1118.0
"27.22086,88.65811",1129.0
"27.22089,88.65228",1037.0
"27.22189,88.65228",1027.0
"27.22089,88.65328",1075.0
"27.20644,88.64336",569.0
"27.20744,88.64336",638.0
"27.20644,88.64436",543.0
"27.20456,88.64722",603.0
"27.20556,88.64722",570.0
"27.20456,88.64822",668.0
"27.20243,88.65671",749.0
"27.20343,88.65671",667.0
"27.20243,88.65771",795.0
"27.19375,88.65056",1101.0
"27.19475,88.65056",1084.0
"27.19375,88.65156",1152.0
"27.19379,88.65053",1101.0
"27.19479,88.65053",1084.0
"27.19379,88.65153",1152.0
"27.19564,88.63403",537.0
"27.19664,88.63403",512.0
"27.19564,88.63503",573.0
"27.19551,88.63420",551.0
"27.19651,88.63420",517.0
"27.19551,88.63520",573.0
"27.19972,88.64163",586.0
"27.20072,88.64163",574.0
"27.19972,88.64263",698.0
"27.19886,88.63872",570.0
"27.19986,88.63872",532.0
"27.19886,88.63972",603.0
"27.19570,88.62544",540.0
"27.19670,88.62544",500.0
"27.19570,88.62644",574.0
"27.19508,88.63199",529.0
"27.19608,88.63199",509.0
"27.19508,88.63299",537.0
"27.21422,88.60836",806.0
"27.21522,88.60836",837.0
"27.21422,88.60936",770.0
"27.20319,88.60028",1010.0
"27.20419,88.60028",1021.0
"27.20319,88.60128",982.0
"27.20500,88.59172",1245.0
"27.20600,88.59172",1278.0
"27.20500,88.59272",1198.0
"27.20317,88.58867",1306.0
"27.20417,88.58867",1384.0
"27.20317,88.58967",1291.0
"27.21150,88.58775",1398.0
"27.21250,88.58775",1392.0
"27.21150,88.58875",1472.0
"27.21222,88.58789",1390.0
"27.21322,88.58789",1392.0
"27.21222,88.58889",1459.0
"27.21481,88.58808",1440.0
"27.21581,88.58808",1457.0
"27.21481,88.58908",1478.0
"27.19133,88.58653",539.0
"27.19233,88.58653",614.0
"27.19133,88.58753",516.0
"27.19000,88.56447",632.0
"27.19100,88.56447",672.0
"27.19000,88.56547",630.0
"27.18926,88.59569",478.0
"27.19026,88.59569",518.0
"27.18926,88.59669",444.0
"27.19007,88.59648",552.0
"27.19107,88.59648",607.0
"27.19007,88.59748",502.0
"27.19083,88.59689",569.0
"27.19183,88.59689",613.0
"27.19083,88.59789",508.0
"27.19299,88.60308",515.0
"27.19399,88.60308",565.0
"27.19299,88.60408",499.0
"27.19308,88.60278",515.0
"27.19408,88.60278",565.0
"27.19308,88.60378",499.0
"27.16559,88.48851",1257.0
"27.16659,88.48851",1303.0
"27.16559,88.48951",1262.0
"27.16903,88.48633",1230.0
"27.17003,88.48633",1127.0
"27.16903,88.48733",1233.0
"27.15811,88.49172",1134.0
"27.15911,88.49172",1155.0
"27.15811,88.49272",1192.0
"27.16211,88.49144",1126.0
"27.16311,88.49144",1170.0
"27.16211,88.49244",1161.0
"27.16278,88.48486",1203.0
"27.16378,88.48486",1259.0
"27.16278,88.48586",1186.0
"27.15353,88.49439",1128.0
"27.15453,88.49439",1165.0
"27.15353,88.49539",1135.0
"27.15489,88.49319",1066.0
"27.15589,88.49319",1111.0
"27.15489,88.49419",1165.0
"27.15425,88.50033",1005.0
"27.15525,88.50033",1004.0
"27.15425,88.50133",967.0
"27.16072,88.50589",1054.0
"27.16172,88.50589",1131.0
"27.16072,88.50689",1028.0
"27.16553,88.49656",1287.0
"27.16653,88.49656",1245.0
"27.16553,88.49756",1207.0
"27.15897,88.51461",844.0
"27.15997,88.51461",871.0
"27.15897,88.51561",835.0
"27.15811,88.51247",825.0
"27.15911,88.51247",865.0
"27.15811,88.51347",813.0
"27.16044,88.51247",929.0
"27.16144,88.51247",962.0
"27.16044,88.51347",897.0
"27.16131,88.51294",931.0
"27.16231,88.51294",915.0
"27.16131,88.51394",883.0
"27.16219,88.51061",1050.0
"27.16319,88.51061",1053.0
"27.16219,88.51161",1007.0
"27.16192,88.50964",1077.0
"27.16292,88.50964",1099.0
"27.16192,88.51064",1050.0
"27.15706,88.51278",775.0
"27.15806,88.51278",822.0
"27.15706,88.51378",776.0
"27.15850,88.52900",272.0
"27.15950,88.52900",273.0
"27.15850,88.53000",394.0
"27.15769,88.52219",628.0
"27.15869,88.52219",601.0
"27.15769,88.52319",571.0
"27.15681,88.52250",597.0
"27.15781,88.52250",571.0
"27.15681,88.52350",549.0
"27.15836,88.52183",601.0
"27.15936,88.52183",540.0
"27.15836,88.52283",568.0
"27.16386,88.52000",582.0
"27.16486,88.52000",612.0
"27.16386,88.52100",548.0
"27.17964,88.51978",327.0
"27.18064,88.51978",386.0
"27.17964,88.52078",368.0
"27.18053,88.51861",341.0
"27.18153,88.51861",401.0
"27.18053,88.51961",386.0
"27.17906,88.53311",419.0
"27.18006,88.53311",451.0
"27.17906,88.53411",372.0
"27.17889,88.53310",419.0
"27.17989,88.53310",438.0
"27.17889,88.53410",372.0
"27.18815,88.56208",464.0
"27.18915,88.56208",506.0
"27.18815,88.56308",469.0
"27.18042,88.51025",433.0
"27.18142,88.51025",466.0
"27.18042,88.51125",387.0
"27.18211,88.50800",368.0
"27.18311,88.50800",400.0
"27.18211,88.50900",449.0
"27.18853,88.50119",446.0
"27.18953,88.50119",483.0
"27.18853,88.50219",423.0
"27.19742,88.49050",344.0
"27.19842,88.49050",455.0
"27.19742,88.49150",410.0
"27.22383,88.49183",333.0
"27.22483,88.49183",334.0
"27.22383,88.49283",395.0
"27.22575,88.49325",335.0
"27.22675,88.49325",336.0
"27.22575,88.49425",441.0
"27.17811,88.43056",1614.0
"27.17911,88.43056",1560.0
"27.17811,88.43156",1607.0
"27.20661,88.44281",1341.0
"27.20761,88.44281",1364.0
"27.20661,88.44381",1281.0
"27.20500,88.44212",1380.0
"27.20600,88.44212",1389.0
"27.20500,88.44312",1340.0
"27.20704,88.44667",1373.0
"27.20804,88.44667",1458.0
"27.20704,88.44767",1376.0
"27.22097,88.39764",2028.0
"27.22197,88.39764",2041.0
"27.22097,88.39864",2080.0
"27.21664,88.39236",1543.0
"27.21764,88.39236",1620.0
"27.21664,88.39336",1622.0
"27.21944,88.39111",1562.0
"27.22044,88.39111",1581.0
"27.21944,88.39211",1610.0
"27.22178,88.39086",1635.0
"27.22278,88.39086",1689.0
"27.22178,88.39186",1667.0
"27.22092,88.38508",1619.0
"27.22192,88.38508",1659.0
"27.22092,88.38608",1670.0
"27.20825,88.38767",1589.0
"27.20925,88.38767",1535.0
"27.20825,88.38867",1620.0
"27.21275,88.39144",1491.0
"27.21375,88.39144",1459.0
"27.21275,88.39244",1517.0
"27.21464,88.39242",1472.0
"27.21564,88.39242",1477.0
"27.21464,88.39342",1555.0
"27.21506,88.39331",1515.0
"27.21606,88.39331",1568.0
"27.21506,88.39431",1604.0
"27.21258,88.39933",1942.0
"27.21358,88.39933",1924.0
"27.21258,88.40033",1982.0
"27.21525,88.40228",2018.0
"27.21625,88.40228",2060.0
"27.21525,88.40328",2080.0
"27.20242,88.39158",1619.0
"27.20342,88.39158",1671.0
"27.20242,88.39258",1702.0
"27.19572,88.38747",1654.0
"27.19672,88.38747",1633.0
"27.19572,88.38847",1746.0
"27.19433,88.38889",1725.0
"27.19533,88.38889",1746.0
"27.19433,88.38989",1776.0
"27.18175,88.39578",1950.0
"27.18275,88.39578",2015.0
"27.18175,88.39678",1982.0
"27.18922,88.39106",1880.0
"27.19022,88.39106",1880.0
"27.18922,88.39206",1930.0
"27.16661,88.41753",1805.0
"27.16761,88.41753",1799.0
"27.16661,88.41853",1775.0
"27.15842,88.42014",1604.0
"27.15942,88.42014",1659.0
"27.15842,88.42114",1642.0
"27.16006,88.42303",1664.0
"27.16106,88.42303",1738.0
"27.16006,88.42403",1636.0
"27.16019,88.41506",1590.0
"27.16119,88.41506",1622.0
"27.16019,88.41606",1602.0
"27.16278,88.41322",1632.0
"27.16378,88.41322",1689.0
"27.16278,88.41422",1619.0
"27.16144,88.41056",1618.0
"27.16244,88.41056",1663.0
"27.16144,88.41156",1573.0
"27.15308,88.41206",1620.0
"27.15408,88.41206",1645.0
"27.15308,88.41306",1559.0
"27.16375,88.40642",1557.0
"27.16475,88.40642",1604.0
"27.16375,88.40742",1580.0
"27.17706,88.40261",1991.0
"27.17806,88.40261",2012.0
"27.17706,88.40361",2043.0
"27.17694,88.40206",1924.0
"27.17794,88.40206",1950.0
"27.17694,88.40306",1991.0
"27.17578,88.40242",1904.0
"27.17678,88.40242",1924.0
"27.17578,88.40342",1982.0
"27.16653,88.40133",1509.0
"27.16753,88.40133",1616.0
"27.16653,88.40233",1548.0
"27.17244,88.38697",1760.0
"27.17344,88.38697",1849.0
"27.17244,88.38797",1824.0
"27.17392,88.38525",1720.0
"27.17492,88.38525",1748.0
"27.17392,88.38625",1802.0
"27.17500,88.38503",1802.0
"27.17600,88.38503",1845.0
"27.17500,88.38603",1799.0
"27.17233,88.38144",1624.0
"27.17333,88.38144",1728.0
"27.17233,88.38244",1621.0
"27.16817,88.38456",1528.0
"27.16917,88.38456",1553.0
"27.16817,88.38556",1580.0
"27.16275,88.38331",1481.0
"27.16375,88.38331",1457.0
"27.16275,88.38431",1532.0
"27.15531,88.39028",1182.0
"27.15631,88.39028",1228.0
"27.15531,88.39128",1213.0
"27.15286,88.39036",1240.0
"27.15386,88.39036",1254.0
"27.15286,88.39136",1288.0
"27.13372,88.39083",1693.0
"27.13472,88.39083",1760.0
"27.13372,88.39183",1706.0
"27.13153,88.38442",1613.0
"27.13253,88.38442",1657.0
"27.13153,88.38542",1606.0
"27.13144,88.38600",1573.0
"27.13244,88.38600",1617.0
"27.13144,88.38700",1540.0
"27.13583,88.39111",1847.0
"27.13683,88.39111",1803.0
"27.13583,88.39211",1833.0
"27.13356,88.39475",1697.0
"27.13456,88.39475",1743.0
"27.13356,88.39575",1708.0
"27.13769,88.40156",1836.0
"27.13869,88.40156",1902.0
"27.13769,88.40256",1923.0
"27.13006,88.41294",1751.0
"27.13106,88.41294",1728.0
"27.13006,88.41394",1697.0
"27.13439,88.40425",1838.0
"27.13539,88.40425",1887.0
"27.13439,88.40525",1913.0
"27.13358,88.40458",1811.0
"27.13458,88.40458",1838.0
"27.13358,88.40558",1892.0
"27.12869,88.44278",671.0
"27.12969,88.44278",711.0
"27.12869,88.44378",697.0
"27.12900,88.44136",676.0
"27.13000,88.44136",682.0
"27.12900,88.44236",641.0
"27.15078,88.43850",1218.0
"27.15178,88.43850",1326.0
"27.15078,88.43950",1181.0
"27.15625,88.43072",1455.0
"27.15725,88.43072",1542.0
"27.15625,88.43172",1533.0
"27.15894,88.42711",1567.0
"27.15994,88.42711",1601.0
"27.15894,88.42811",1622.0
"27.17600,88.42956",1613.0
"27.17700,88.42956",1615.0
"27.17600,88.43056",1660.0
"27.16583,88.43667",1614.0
"27.16683,88.43667",1699.0
"27.16583,88.43767",1613.0
"27.16500,88.44444",1353.0
"27.16600,88.44444",1360.0
"27.16500,88.44544",1325.0
"27.15919,88.44436",1266.0
"27.16019,88.44436",1289.0
"27.15919,88.44536",1242.0
"27.15472,88.44306",1411.0
"27.15572,88.44306",1458.0
"27.15472,88.44406",1393.0
"27.16356,88.45883",1531.0
"27.16456,88.45883",1580.0
"27.16356,88.45983",1523.0
"27.17439,88.45203",1524.0
"27.17539,88.45203",1481.0
"27.17439,88.45303",1493.0
"27.16958,88.46236",1703.0
"27.17058,88.46236",1727.0
"27.16958,88.46336",1653.0
"27.15858,88.46631",1246.0
"27.15958,88.46631",1267.0
"27.15858,88.46731",1188.0
"27.16386,88.46231",1548.0
"27.16486,88.46231",1557.0
"27.16386,88.46331",1504.0
"27.10200,88.45867",463.0
"27.10300,88.45867",508.0
"27.10200,88.45967",448.0
"27.10669,88.44939",827.0
"27.10769,88.44939",842.0
"27.10669,88.45039",809.0
"27.12478,88.44508",619.0
"27.12578,88.44508",576.0
"27.12478,88.44608",612.0
"27.10694,88.43375",905.0
"27.10794,88.43375",965.0
"27.10694,88.43475",896.0
"27.10597,88.44456",821.0
"27.10697,88.44456",853.0
"27.10597,88.44556",850.0
"27.09644,88.43337",904.0
"27.09744,88.43337",937.0
"27.09644,88.43438",895.0
"27.08275,88.43478",383.0
"27.08375,88.43478",424.0
"27.08275,88.43578",349.0
"27.08472,88.44383",314.0
"27.08572,88.44383",339.0
"27.08472,88.44483",304.0
"27.08422,88.44608",351.0
"27.08522,88.44608",409.0
"27.08422,88.44708",346.0
"27.09328,88.45744",349.0
"27.09428,88.45744",310.0
"27.09328,88.45844",282.0
"27.09842,88.40017",705.0
"27.09942,88.40017",735.0
"27.09842,88.40117",730.0
"27.08767,88.41653",298.0
"27.08867,88.41653",347.0
"27.08767,88.41753",346.0
"27.09008,88.41314",361.0
"27.09108,88.41314",397.0
"27.09008,88.41414",326.0
"27.08992,88.41278",306.0
"27.09092,88.41278",397.0
"27.08992,88.41378",296.0
"27.09094,88.40683",339.0
"27.09194,88.40683",385.0
"27.09094,88.40783",343.0
"27.10111,88.40333",845.0
"27.10211,88.40333",890.0
"27.10111,88.40433",851.0
"27.10311,88.40272",922.0
"27.10411,88.40272",958.0
"27.10311,88.40372",942.0
"27.10294,88.40467",941.0
"27.10394,88.40467",974.0
"27.10294,88.40567",940.0
"27.10108,88.40042",791.0
"27.10208,88.40042",830.0
"27.10108,88.40142",813.0
"27.10250,88.40078",878.0
"27.10350,88.40078",906.0
"27.10250,88.40178",914.0
"27.10119,88.39461",591.0
"27.10219,88.39461",610.0
"27.10119,88.39561",643.0
"27.10264,88.39464",632.0
"27.10364,88.39464",648.0
"27.10264,88.39564",678.0
"27.12553,88.38456",1348.0
"27.12653,88.38456",1378.0
"27.12553,88.38556",1326.0
"27.10742,88.36314",471.0
"27.10842,88.36314",475.0
"27.10742,88.36414",515.0
"27.10108,88.36150",293.0
"27.10208,88.36150",289.0
"27.10108,88.36250",420.0
"27.12261,88.34339",941.0
"27.12361,88.34339",991.0
"27.12261,88.34439",962.0
"27.12319,88.34025",940.0
"27.12419,88.34025",1028.0
"27.12319,88.34125",927.0
"27.11058,88.34047",352.0
"27.11158,88.34047",419.0
"27.11058,88.34147",366.0
"27.09783,88.37850",335.0
"27.09883,88.37850",383.0
"27.09783,88.37950",323.0
"27.11756,88.32367",360.0
"27.11856,88.32367",368.0
"27.11756,88.32467",423.0
"27.12389,88.31978",365.0
"27.12489,88.31978",346.0
"27.12389,88.32078",396.0
"27.12825,88.29219",370.0
"27.12925,88.29219",522.0
"27.12825,88.29319",382.0
"27.12719,88.30831",308.0
"27.12819,88.30831",369.0
"27.12719,88.30931",411.0
"27.14544,88.30569",1097.0
"27.14644,88.30569",1051.0
"27.14544,88.30669",1165.0
"27.15103,88.30989",1156.0
"27.15203,88.30989",1106.0
"27.15103,88.31089",1203.0
"27.15947,88.30003",632.0
"27.16047,88.30003",614.0
"27.15947,88.30103",666.0
"27.15769,88.30681",833.0
"27.15869,88.30681",830.0
"27.15769,88.30781",887.0
"27.15331,88.31350",1207.0
"27.15431,88.31350",1176.0
"27.15331,88.31450",1264.0
"27.15503,88.31956",1381.0
"27.15603,88.31956",1379.0
"27.15503,88.32056",1420.0
"27.15964,88.31889",1296.0
"27.16064,88.31889",1283.0
"27.15964,88.31989",1343.0
"27.14417,88.31108",1206.0
"27.14517,88.31108",1247.0
"27.14417,88.31208",1207.0
"27.12647,88.31675",375.0
"27.12747,88.31675",441.0
"27.12647,88.31775",401.0
"27.12644,88.34044",1028.0
"27.12744,88.34044",1044.0
"27.12644,88.34144",1076.0
"27.13044,88.34022",1183.0
"27.13144,88.34022",1223.0
"27.13044,88.34122",1203.0
"27.13381,88.34278",1230.0
"27.13481,88.34278",1249.0
"27.13381,88.34378",1170.0
"27.13767,88.34269",1272.0
"27.13867,88.34269",1278.0
"27.13767,88.34369",1212.0
"27.14972,88.34833",1419.0
"27.15072,88.34833",1437.0
"27.14972,88.34933",1353.0
"27.12631,88.37867",1133.0
"27.12731,88.37867",1199.0
"27.12631,88.37967",1180.0
"27.13431,88.37053",1156.0
"27.13531,88.37053",1217.0
"27.13431,88.37153",1152.0
"27.13994,88.36817",1168.0
"27.14094,88.36817",1209.0
"27.13994,88.36917",1253.0
"27.14089,88.36822",1209.0
"27.14189,88.36822",1236.0
"27.14089,88.36922",1304.0
"27.14506,88.37078",1173.0
"27.14606,88.37078",1122.0
"27.14506,88.37178",1187.0
"27.14356,88.37308",1259.0
"27.14456,88.37308",1215.0
"27.14356,88.37408",1268.0
"27.15997,88.37908",1207.0
"27.16097,88.37908",1277.0
"27.15997,88.38008",1293.0
"27.17223,88.37200",1679.0
"27.17323,88.37200",1692.0
"27.17223,88.37300",1667.0
"27.17717,88.36961",1516.0
"27.17817,88.36961",1451.0
"27.17717,88.37061",1561.0
"27.16947,88.36378",1486.0
"27.17047,88.36378",1448.0
"27.16947,88.36478",1516.0
"27.17114,88.35461",1257.0
"27.17214,88.35461",1270.0
"27.17114,88.35561",1274.0
"27.16453,88.34847",1076.0
"27.16553,88.34847",1056.0
"27.16453,88.34947",1128.0
"27.16528,88.34853",1056.0
"27.16628,88.34853",1058.0
"27.16528,88.34953",1108.0
"27.16761,88.34889",1103.0
"27.16861,88.34889",1068.0
"27.16761,88.34989",1148.0
"27.15800,88.34797",1347.0
"27.15900,88.34797",1310.0
"27.15800,88.34897",1399.0
"27.15814,88.34481",1348.0
"27.15914,88.34481",1270.0
"27.15814,88.34581",1314.0
"27.15822,88.34325",1371.0
"27.15922,88.34325",1258.0
"27.15822,88.34425",1348.0
"27.20086,88.34086",1003.0
"27.20186,88.34086",999.0
"27.20086,88.34186",1048.0
"27.19903,88.35042",1157.0
"27.20003,88.35042",1272.0
"27.19903,88.35142",1171.0
"27.20039,88.35450",1168.0
"27.20139,88.35450",1194.0
"27.20039,88.35550",1156.0
"27.22150,88.37067",1828.0
"27.22250,88.37067",1935.0
"27.22150,88.37167",1784.0
"27.22144,88.37617",1662.0
"27.22244,88.37617",1732.0
"27.22144,88.37717",1635.0
"27.22508,88.37333",2061.0
"27.22608,88.37333",2126.0
"27.22508,88.37433",2014.0
"27.22478,88.37208",2080.0
"27.22578,88.37208",2137.0
"27.22478,88.37308",2037.0
"27.21794,88.31808",422.0
"27.21894,88.31808",480.0
"27.21794,88.31908",438.0
"27.20469,88.32375",505.0
"27.20569,88.32375",494.0
"27.20469,88.32475",429.0
"27.20692,88.32328",526.0
"27.20792,88.32328",539.0
"27.20692,88.32428",428.0
"27.21356,88.32183",481.0
"27.21456,88.32183",451.0
"27.21356,88.32283",436.0
"27.19164,88.32586",475.0
"27.19264,88.32586",583.0
"27.19164,88.32686",431.0
"27.18481,88.31683",501.0
"27.18581,88.31683",559.0
"27.18481,88.31783",466.0
"27.18636,88.32042",482.0
"27.18736,88.32042",547.0
"27.18636,88.32142",480.0
"27.18122,88.30953",513.0
"27.18222,88.30953",544.0
"27.18122,88.31053",455.0
"27.19192,88.28850",1297.0
"27.19292,88.28850",1263.0
"27.19192,88.28950",1308.0
"27.22656,88.30886",615.0
"27.22756,88.30886",725.0
"27.22656,88.30986",700.0
"27.22292,88.28197",1533.0
"27.22392,88.28197",1536.0
"27.22292,88.28297",1502.0
"27.22078,88.27992",1544.0
"27.22178,88.27992",1624.0
"27.22078,88.28092",1464.0
"27.21992,88.27631",1557.0
"27.22092,88.27631",1639.0
"27.21992,88.27731",1532.0
"27.22047,88.28103",1464.0
"27.22147,88.28103",1504.0
"27.22047,88.28203",1437.0
"27.21672,88.27464",1361.0
"27.21772,88.27464",1438.0
"27.21672,88.27564",1337.0
"27.22031,88.26186",1649.0
"27.22131,88.26186",1663.0
"27.22031,88.26286",1609.0
"27.20175,88.26819",1099.0
"27.20275,88.26819",1062.0
"27.20175,88.26919",1047.0
"27.15450,88.27567",782.0
"27.15550,88.27567",824.0
"27.15450,88.27667",810.0
"27.12986,88.26622",437.0
"27.13086,88.26622",533.0
"27.12986,88.26722",390.0
"27.12897,88.26211",452.0
"27.12997,88.26211",532.0
"27.12897,88.26311",415.0
"27.17108,88.24542",1116.0
"27.17208,88.24542",1187.0
"27.17108,88.24642",1158.0
"27.16797,88.22478",1485.0
"27.16897,88.22478",1442.0
"27.16797,88.22578",1431.0
"27.16450,88.22844",1421.0
"27.16550,88.22844",1417.0
"27.16450,88.22944",1376.0
"27.15694,88.23078",1481.0
"27.15794,88.23078",1513.0
"27.15694,88.23178",1518.0
"27.15781,88.23031",1513.0
"27.15881,88.23031",1469.0
"27.15781,88.23131",1497.0
"27.14100,88.21119",681.0
"27.14200,88.21119",683.0
"27.14100,88.21219",719.0
"27.16447,88.21389",1491.0
"27.16547,88.21389",1542.0
"27.16447,88.21489",1447.0
"27.18594,88.19794",1864.0
"27.18694,88.19794",1939.0
"27.18594,88.19894",1814.0
"27.19711,88.20872",1894.0
"27.19811,88.20872",1949.0
"27.19711,88.20972",1872.0
"27.18661,88.20628",1699.0
"27.18761,88.20628",1647.0
"27.18661,88.20728",1658.0
"27.18597,88.20583",1699.0
"27.18697,88.20583",1683.0
"27.18597,88.20683",1658.0
"27.21944,88.23436",1324.0
"27.22044,88.23436",1372.0
"27.21944,88.23536",1298.0
"27.21875,88.23369",1317.0
"27.21975,88.23369",1371.0
"27.21875,88.23469",1289.0
"27.21767,88.23464",1237.0
"27.21867,88.23464",1289.0
"27.21767,88.23564",1223.0
"27.21767,88.23347",1241.0
"27.21867,88.23347",1317.0
"27.21767,88.23447",1237.0
"27.21828,88.23247",1247.0
"27.21928,88.23247",1401.0
"27.21828,88.23347",1241.0
"27.21728,88.23694",1189.0
"27.21828,88.23694",1221.0
"27.21728,88.23794",1182.0
"27.22081,88.23736",1303.0
"27.22181,88.23736",1388.0
"27.22081,88.23836",1314.0
"27.22556,88.24033",1596.0
"27.22656,88.24033",1673.0
"27.22556,88.24133",1594.0
"27.22750,88.22028",1829.0
"27.22850,88.22028",1870.0
"27.22750,88.22128",1794.0
"27.22753,88.21964",1846.0
"27.22853,88.21964",1900.0
"27.22753,88.22064",1829.0
"27.21950,88.21022",1803.0
"27.22050,88.21022",1834.0
"27.21950,88.21122",1760.0
"27.21636,88.19967",1982.0
"27.21736,88.19967",2001.0
"27.21636,88.20067",1960.0
"27.18117,88.19203",1977.0
"27.18217,88.19203",1991.0
"27.18117,88.19303",1933.0
"27.17928,88.19097",1993.0
"27.18028,88.19097",2006.0
"27.17928,88.19197",1948.0
"27.16628,88.14433",2069.0
"27.16728,88.14433",2114.0
"27.16628,88.14533",2033.0
"27.16347,88.14308",2116.0
"27.16447,88.14308",2137.0
"27.16347,88.14408",2050.0
"27.15806,88.14153",2079.0
"27.15906,88.14153",2072.0
"27.15806,88.14253",1990.0
"27.16386,88.14136",2182.0
"27.16486,88.14136",2213.0
"27.16386,88.14236",2148.0
"27.14406,88.12736",2316.0
"27.14506,88.12736",2408.0
"27.14406,88.12836",2312.0
"27.12869,88.14164",1570.0
"27.12969,88.14164",1619.0
"27.12869,88.14264",1626.0
"27.12833,88.14883",1532.0
"27.12933,88.14883",1501.0
"27.12833,88.14983",1491.0
"27.17164,88.15933",1408.0
"27.17264,88.15933",1416.0
"27.17164,88.16033",1387.0
"27.16533,88.16203",1206.0
"27.16633,88.16203",1220.0
"27.16533,88.16303",1235.0
"27.17183,88.16086",1359.0
"27.17283,88.16086",1346.0
"27.17183,88.16186",1313.0
"27.15736,88.17167",1470.0
"27.15836,88.17167",1497.0
"27.15736,88.17267",1499.0
"27.15272,88.19083",1057.0
"27.15372,88.19083",1078.0
"27.15272,88.19183",1024.0
"27.14997,88.18422",1085.0
"27.15097,88.18422",1179.0
"27.14997,88.18522",1078.0
"27.14203,88.17214",797.0
"27.14303,88.17214",820.0
"27.14203,88.17314",809.0
"27.14194,88.18022",850.0
"27.14294,88.18022",905.0
"27.14194,88.18122",874.0
"27.12050,88.15272",1231.0
"27.12150,88.15272",1285.0
"27.12050,88.15372",1266.0
"27.12144,88.15342",1304.0
"27.12244,88.15342",1338.0
"27.12144,88.15442",1287.0
"27.12161,88.14553",1132.0
"27.12261,88.14553",1296.0
"27.12161,88.14653",1137.0
"27.12150,88.14222",1273.0
"27.12250,88.14222",1404.0
"27.12150,88.14322",1255.0
"27.12586,88.14275",1511.0
"27.12686,88.14275",1538.0
"27.12586,88.14375",1548.0
"27.12456,88.13978",1375.0
"27.12556,88.13978",1390.0
"27.12456,88.14078",1413.0
"27.12200,88.13989",1249.0
"27.12300,88.13989",1297.0
"27.12200,88.14089",1357.0
"27.12192,88.13947",1249.0
"27.12292,88.13947",1297.0
"27.12192,88.14047",1311.0
"27.12383,88.22533",475.0
"27.12483,88.22533",544.0
"27.12383,88.22633",518.0
"27.12247,88.22761",467.0
"27.12347,88.22761",593.0
"27.12247,88.22861",486.0
"27.12161,88.23700",472.0
"27.12261,88.23700",635.0
"27.12161,88.23800",453.0
"27.14989,88.09686",2299.0
"27.15089,88.09686",2308.0
"27.14989,88.09786",2314.0
"27.15786,88.09019",2158.0
"27.15886,88.09019",2143.0
"27.15786,88.09119",2199.0
"27.15769,88.09283",2241.0
"27.15869,88.09283",2235.0
"27.15769,88.09383",2235.0
"27.15344,88.09564",2309.0
"27.15444,88.09564",2331.0
"27.15344,88.09664",2332.0
"27.15822,88.10036",2411.0
"27.15922,88.10036",2343.0
"27.15822,88.10136",2444.0
"27.16100,88.09431",2115.0
"27.16200,88.09431",2128.0
"27.16100,88.09531",2143.0
"27.16006,88.09181",2109.0
"27.16106,88.09181",2117.0
"27.16006,88.09281",2132.0
"27.15936,88.09225",2162.0
"27.16036,88.09225",2109.0
"27.15936,88.09325",2198.0
"27.15897,88.09094",2169.0
"27.15997,88.09094",2126.0
"27.15897,88.09194",2204.0
"27.17386,88.09211",2356.0
"27.17486,88.09211",2342.0
"27.17386,88.09311",2319.0
"27.17208,88.09033",2347.0
"27.17308,88.09033",2395.0
"27.17208,88.09133",2339.0
"27.17083,88.08636",2373.0
"27.17183,88.08636",2378.0
"27.17083,88.08736",2393.0
"27.17244,88.08953",2341.0
"27.17344,88.08953",2442.0
"27.17244,88.09053",2347.0
"27.18892,88.06047",2538.0
"27.18992,88.06047",2579.0
"27.18892,88.06147",2533.0
"27.29544,88.09458",2118.0
"27.29644,88.09458",2183.0
"27.29544,88.09558",2112.0
"27.29489,88.07994",2067.0
"27.29589,88.07994",2034.0
"27.29489,88.08094",2061.0
"27.28986,88.08439",2090.0
"27.29086,88.08439",2039.0
"27.28986,88.08539",2052.0
"27.28089,88.08433",2403.0
"27.28189,88.08433",2374.0
"27.28089,88.08533",2383.0
"27.27575,88.08497",2117.0
"27.27675,88.08497",2216.0
"27.27575,88.08597",2016.0
"27.26992,88.07711",2055.0
"27.27092,88.07711",2174.0
"27.26992,88.07811",2022.0
"27.24858,88.11744",2033.0
"27.24958,88.11744",2004.0
"27.24858,88.11844",1967.0
"27.24883,88.11719",2033.0
"27.24983,88.11719",2004.0
"27.24883,88.11819",1991.0
"27.27067,88.14206",1513.0
"27.27167,88.14206",1636.0
"27.27067,88.14306",1490.0
"27.26956,88.13786",1557.0
"27.27056,88.13786",1596.0
"27.26956,88.13886",1545.0
"27.26978,88.14428",1493.0
"27.27078,88.14428",1541.0
"27.26978,88.14528",1483.0
"27.25889,88.14561",1495.0
"27.25989,88.14561",1486.0
"27.25889,88.14661",1540.0
"27.25856,88.14703",1543.0
"27.25956,88.14703",1500.0
"27.25856,88.14803",1509.0
"27.25439,88.14531",1474.0
"27.25539,88.14531",1473.0
"27.25439,88.14631",1510.0
"27.24694,88.18483",1592.0
"27.24794,88.18483",1564.0
"27.24694,88.18583",1630.0
"27.24597,88.18528",1664.0
"27.24697,88.18528",1608.0
"27.24597,88.18628",1681.0
"27.25172,88.18297",1392.0
"27.25272,88.18297",1377.0
"27.25172,88.18397",1412.0
"27.25214,88.17694",1319.0
"27.25314,88.17694",1303.0
"27.25214,88.17794",1274.0
"27.26017,88.17189",1288.0
"27.26117,88.17189",1225.0
"27.26017,88.17289",1255.0
"27.27000,88.17994",1369.0
"27.27100,88.17994",1436.0
"27.27000,88.18094",1381.0
"27.26986,88.17814",1362.0
"27.27086,88.17814",1468.0
"27.26986,88.17914",1317.0
"27.27006,88.17444",1378.0
"27.27106,88.17444",1426.0
"27.27006,88.17544",1410.0
"27.27075,88.16742",1331.0
"27.27175,88.16742",1391.0
"27.27075,88.16842",1393.0
"27.25736,88.16533",1486.0
"27.25836,88.16533",1374.0
"27.25736,88.16633",1506.0
"27.25586,88.15614",1480.0
"27.25686,88.15614",1434.0
"27.25586,88.15714",1484.0
"27.25656,88.14872",1580.0
"27.25756,88.14872",1502.0
"27.25656,88.14972",1555.0
"27.25675,88.14861",1544.0
"27.25775,88.14861",1502.0
"27.25675,88.14961",1525.0
"27.28144,88.18783",1767.0
"27.28244,88.18783",1797.0
"27.28144,88.18883",1726.0
"27.27997,88.18692",1750.0
"27.28097,88.18692",1805.0
"27.27997,88.18792",1709.0
"27.28067,88.19086",1580.0
"27.28167,88.19086",1663.0
"27.28067,88.19186",1552.0
"27.28344,88.19264",1728.0
"27.28444,88.19264",1782.0
"27.28344,88.19364",1719.0
"27.28364,88.18994",1806.0
"27.28464,88.18994",1855.0
"27.28364,88.19094",1747.0
"27.28292,88.18956",1780.0
"27.28392,88.18956",1806.0
"27.28292,88.19056",1741.0
"27.30403,88.17881",1627.0
"27.30503,88.17881",1554.0
"27.30403,88.17981",1602.0
"27.31578,88.17894",1546.0
"27.31678,88.17894",1622.0
"27.31578,88.17994",1514.0
"27.31708,88.17856",1622.0
"27.31808,88.17856",1658.0
"27.31708,88.17956",1593.0
"27.31658,88.17892",1583.0
"27.31758,88.17892",1658.0
"27.31658,88.17992",1547.0
"27.31372,88.18992",1261.0
"27.31472,88.18992",1246.0
"27.31372,88.19092",1249.0
"27.31742,88.18286",1399.0
"27.31842,88.18286",1480.0
"27.31742,88.18386",1396.0
"27.32011,88.17783",1717.0
"27.32111,88.17783",1747.0
"27.32011,88.17883",1676.0
"27.31892,88.16222",1437.0
"27.31992,88.16222",1490.0
"27.31892,88.16322",1438.0
"27.28267,88.10828",1654.0
"27.28367,88.10828",1707.0
"27.28267,88.10928",1649.0
"27.28475,88.10619",1611.0
"27.28575,88.10619",1634.0
"27.28475,88.10719",1649.0
"27.28319,88.10667",1605.0
"27.28419,88.10667",1649.0
"27.28319,88.10767",1654.0
"27.28844,88.10267",1802.0
"27.28944,88.10267",1827.0
"27.28844,88.10367",1819.0
"27.28817,88.10278",1755.0
"27.28917,88.10278",1827.0
"27.28817,88.10378",1803.0
"27.28736,88.10261",1720.0
"27.28836,88.10261",1802.0
"27.28736,88.10361",1783.0
"27.29525,88.10269",1956.0
"27.29625,88.10269",1970.0
"27.29525,88.10369",1908.0
"27.29603,88.10175",2009.0
"27.29703,88.10175",2073.0
"27.29603,88.10275",1970.0
"27.34728,88.19683",1852.0
"27.34828,88.19683",1835.0
"27.34728,88.19783",1794.0
"27.33500,88.20672",1439.0
"27.33600,88.20672",1378.0
"27.33500,88.20772",1404.0
"27.33333,88.21297",1360.0
"27.33433,88.21297",1331.0
"27.33333,88.21397",1363.0
"27.33325,88.21358",1404.0
"27.33425,88.21358",1320.0
"27.33325,88.21458",1389.0
"27.33050,88.21564",1529.0
"27.33150,88.21564",1457.0
"27.33050,88.21664",1483.0
"27.33075,88.21633",1483.0
"27.33175,88.21633",1366.0
"27.33075,88.21733",1446.0
"27.34200,88.22372",1213.0
"27.34300,88.22372",1163.0
"27.34200,88.22472",1181.0
"27.33981,88.22736",1249.0
"27.34081,88.22736",1252.0
"27.33981,88.22836",1114.0
"27.34503,88.24664",1677.0
"27.34603,88.24664",1688.0
"27.34503,88.24764",1742.0
"27.35150,88.27303",1560.0
"27.35250,88.27303",1713.0
"27.35150,88.27403",1546.0
"27.35119,88.27242",1575.0
"27.35219,88.27242",1661.0
"27.35119,88.27342",1546.0
"27.28103,88.26736",964.0
"27.28203,88.26736",954.0
"27.28103,88.26836",870.0
"27.28428,88.26519",1092.0
"27.28528,88.26519",1137.0
"27.28428,88.26619",1038.0
"27.28414,88.26489",1088.0
"27.28514,88.26489",1189.0
"27.28414,88.26589",1011.0
"27.28536,88.24903",1217.0
"27.28636,88.24903",1248.0
"27.28536,88.25003",1234.0
"27.29519,88.25003",1633.0
"27.29619,88.25003",1751.0
"27.29519,88.25103",1627.0
"27.29833,88.24831",1809.0
"27.29933,88.24831",1860.0
"27.29833,88.24931",1861.0
"27.32061,88.21961",1248.0
"27.32161,88.21961",1306.0
"27.32061,88.22061",1217.0
"27.32644,88.21900",1329.0
"27.32744,88.21900",1318.0
"27.32644,88.22000",1218.0
"27.32494,88.21386",1662.0
"27.32594,88.21386",1642.0
"27.32494,88.21486",1597.0
"27.30675,88.19908",1610.0
"27.30775,88.19908",1554.0
"27.30675,88.20008",1584.0
"27.28500,88.19758",1816.0
"27.28600,88.19758",1864.0
"27.28500,88.19858",1803.0
"27.28453,88.19558",1759.0
"27.28553,88.19558",1835.0
"27.28453,88.19658",1757.0
"27.28103,88.22767",1316.0
"27.28203,88.22767",1323.0
"27.28103,88.22867",1317.0
"27.30197,88.21878",1774.0
"27.30297,88.21878",1692.0
"27.30197,88.21978",1745.0
"27.28161,88.22956",1303.0
"27.28261,88.22956",1350.0
"27.28161,88.23056",1254.0
"27.26086,88.23328",1129.0
"27.26186,88.23328",1078.0
"27.26086,88.23428",1136.0
"27.26178,88.19719",1262.0
"27.26278,88.19719",1189.0
"27.26178,88.19819",1291.0
"27.25878,88.20264",1278.0
"27.25978,88.20264",1279.0
"27.25878,88.20364",1223.0
"27.25389,88.21003",1394.0
"27.25489,88.21003",1346.0
"27.25389,88.21103",1372.0
"27.24503,88.22686",1697.0
"27.24603,88.22686",1651.0
"27.24503,88.22786",1703.0
"27.24711,88.22522",1670.0
"27.24811,88.22522",1643.0
"27.24711,88.22622",1625.0
"27.24133,88.23397",1691.0
"27.24233,88.23397",1667.0
"27.24133,88.23497",1630.0
"27.23689,88.23592",1586.0
"27.23789,88.23592",1578.0
"27.23689,88.23692",1531.0
"27.24039,88.23403",1706.0
"27.24139,88.23403",1691.0
"27.24039,88.23503",1583.0
"27.23319,88.24636",1519.0
"27.23419,88.24636",1440.0
"27.23319,88.24736",1526.0
"27.25831,88.24531",1145.0
"27.25931,88.24531",1064.0
"27.25831,88.24631",1141.0
"27.25972,88.24897",1124.0
"27.26072,88.24897",1071.0
"27.25972,88.24997",1112.0
"27.25839,88.24661",1094.0
"27.25939,88.24661",1061.0
"27.25839,88.24761",1126.0
"27.27592,88.25428",1125.0
"27.27692,88.25428",1148.0
"27.27592,88.25528",1147.0
"27.27631,88.25511",1147.0
"27.27731,88.25511",1169.0
"27.27631,88.25611",1150.0
"27.27278,88.28000",566.0
"27.27378,88.28000",600.0
"27.27278,88.28100",593.0
"27.26906,88.28472",679.0
"27.27006,88.28472",555.0
"27.26906,88.28572",673.0
"27.25217,88.27278",1463.0
"27.25317,88.27278",1435.0
"27.25217,88.27378",1478.0
"27.24381,88.27250",1639.0
"27.24481,88.27250",1642.0
"27.24381,88.27350",1586.0
"27.23758,88.29831",518.0
"27.23858,88.29831",527.0
"27.23758,88.29931",463.0
"27.25022,88.30194",623.0
"27.25122,88.30194",608.0
"27.25022,88.30294",547.0
"27.25000,88.30189",623.0
"27.25100,88.30189",608.0
"27.25000,88.30289",547.0
"27.23792,88.30475",797.0
"27.23892,88.30475",763.0
"27.23792,88.30575",841.0
"27.24064,88.30606",936.0
"27.24164,88.30606",921.0
"27.24064,88.30706",1005.0
"27.24069,88.29839",540.0
"27.24169,88.29839",633.0
"27.24069,88.29939",474.0
"27.23058,88.30606",738.0
"27.23158,88.30606",767.0
"27.23058,88.30706",718.0
"27.23997,88.33278",1298.0
"27.24097,88.33278",1232.0
"27.23997,88.33378",1309.0
"27.24214,88.32739",1319.0
"27.24314,88.32739",1271.0
"27.24214,88.32839",1277.0
"27.27550,88.30806",1577.0
"27.27650,88.30806",1629.0
"27.27550,88.30906",1613.0
"27.27325,88.30342",1309.0
"27.27425,88.30342",1435.0
"27.27325,88.30442",1272.0
"27.25719,88.30544",622.0
"27.25819,88.30544",595.0
"27.25719,88.30644",664.0
"27.25422,88.30050",585.0
"27.25522,88.30050",531.0
"27.25422,88.30150",544.0
"27.26019,88.30242",546.0
"27.26119,88.30242",581.0
"27.26019,88.30342",649.0
"27.26339,88.29267",566.0
"27.26439,88.29267",526.0
"27.26339,88.29367",529.0
"27.26175,88.29450",584.0
"27.26275,88.29450",521.0
"27.26175,88.29550",534.0
"27.26894,88.28750",573.0
"27.26994,88.28750",566.0
"27.26894,88.28850",524.0
"27.29342,88.29492",665.0
"27.29442,88.29492",663.0
"27.29342,88.29592",704.0
"27.30686,88.36844",1962.0
"27.30786,88.36844",1982.0
"27.30686,88.36944",1931.0
"27.30681,88.37519",1609.0
"27.30781,88.37519",1634.0
"27.30681,88.37619",1611.0
"27.30286,88.37394",1789.0
"27.30386,88.37394",1753.0
"27.30286,88.37494",1746.0
"27.28425,88.37006",1937.0
"27.28525,88.37006",1943.0
"27.28425,88.37106",1882.0
"27.28719,88.36944",1972.0
"27.28819,88.36944",1976.0
"27.28719,88.37044",1930.0
"27.26319,88.37714",1582.0
"27.26419,88.37714",1425.0
"27.26319,88.37814",1556.0
"27.24292,88.35442",1611.0
"27.24392,88.35442",1720.0
"27.24292,88.35542",1635.0
"27.24447,88.35047",1655.0
"27.24547,88.35047",1694.0
"27.24447,88.35147",1682.0
"27.24406,88.34806",1554.0
"27.24506,88.34806",1620.0
"27.24406,88.34906",1586.0
"27.23367,88.34839",1875.0
"27.23467,88.34839",1814.0
"27.23367,88.34939",1911.0
"27.23789,88.34644",1547.0
"27.23889,88.34644",1511.0
"27.23789,88.34744",1578.0
"27.23264,88.37842",2110.0
"27.23364,88.37842",2069.0
"27.23264,88.37942",2088.0
"27.22942,88.37844",2067.0
"27.23042,88.37844",2121.0
"27.22942,88.37944",2030.0
"27.25142,88.38450",2046.0
"27.25242,88.38450",2007.0
"27.25142,88.38550",2024.0
"27.25492,88.39089",1804.0
"27.25592,88.39089",1781.0
"27.25492,88.39189",1769.0
"27.25539,88.38894",1882.0
"27.25639,88.38894",1848.0
"27.25539,88.38994",1852.0
"27.26000,88.38136",1529.0
"27.26100,88.38136",1507.0
"27.26000,88.38236",1493.0
"27.27308,88.38953",1250.0
"27.27408,88.38953",1299.0
"27.27308,88.39053",1212.0
"27.27206,88.39414",1077.0
"27.27306,88.39414",1121.0
"27.27206,88.39514",1026.0
"27.27386,88.39872",986.0
"27.27486,88.39872",976.0
"27.27386,88.39972",931.0
"27.27617,88.39872",908.0
"27.27717,88.39872",863.0
"27.27617,88.39972",850.0
"27.25517,88.39694",1617.0
"27.25617,88.39694",1614.0
"27.25517,88.39794",1583.0
"27.25742,88.41889",888.0
"27.25842,88.41889",972.0
"27.25742,88.41989",850.0
"27.25931,88.42303",896.0
"27.26031,88.42303",944.0
"27.25931,88.42403",862.0
"27.23586,88.43317",1258.0
"27.23686,88.43317",1249.0
"27.23586,88.43417",1171.0
"27.26206,88.43050",682.0
"27.26306,88.43050",679.0
"27.26206,88.43150",633.0
"27.27158,88.43039",525.0
"27.27258,88.43039",596.0
"27.27158,88.43139",490.0
"27.27006,88.43014",466.0
"27.27106,88.43014",525.0
"27.27006,88.43114",459.0
"27.27989,88.43647",623.0
"27.28089,88.43647",628.0
"27.27989,88.43747",575.0
"27.30308,88.43317",922.0
"27.30408,88.43317",918.0
"27.30308,88.43417",829.0
"27.31469,88.41792",1248.0
"27.31569,88.41792",1276.0
"27.31469,88.41892",1208.0
"27.31167,88.41861",1236.0
"27.31267,88.41861",1209.0
"27.31167,88.41961",1198.0
"27.29975,88.41978",1369.0
"27.30075,88.41978",1380.0
"27.29975,88.42078",1337.0
"27.28200,88.41503",1437.0
"27.28300,88.41503",1486.0
"27.28200,88.41603",1414.0
"27.29714,88.38847",1521.0
"27.29814,88.38847",1545.0
"27.29714,88.38947",1555.0
"27.33092,88.45053",1168.0
"27.33192,88.45053",1198.0
"27.33092,88.45153",1133.0
"27.36694,88.44981",1728.0
"27.36794,88.44981",1747.0
"27.36694,88.45081",1698.0
"27.36978,88.45683",1538.0
"27.37078,88.45683",1517.0
"27.36978,88.45783",1514.0
"27.39739,88.35614",1618.0
"27.39839,88.35614",1557.0
"27.39739,88.35714",1556.0
"27.40028,88.35686",1550.0
"27.40128,88.35686",1614.0
"27.40028,88.35786",1594.0
"27.37964,88.31536",1508.0
"27.38064,88.31536",1454.0
"27.37964,88.31636",1480.0
"27.39550,88.30689",1625.0
"27.39650,88.30689",1650.0
"27.39550,88.30789",1679.0
"27.39503,88.30739",1625.0
"27.39603,88.30739",1650.0
"27.39503,88.30839",1712.0
"27.38361,88.30581",1619.0
"27.38461,88.30581",1572.0
"27.38361,88.30681",1567.0
"27.38922,88.31097",1504.0
"27.39022,88.31097",1558.0
"27.38922,88.31197",1543.0
"27.39314,88.31014",1525.0
"27.39414,88.31014",1552.0
"27.39314,88.31114",1580.0
"27.39981,88.32914",1895.0
"27.40081,88.32914",1911.0
"27.39981,88.33014",1971.0
"28.52794,94.30944",1404.0
"28.52894,94.30944",1423.0
"28.52794,94.31044",1480.0
"28.24239,94.22086",833.0
"28.24339,94.22086",975.0
"28.24239,94.22186",850.0
"28.22675,94.22511",778.0
"28.22775,94.22511",769.0
"28.22675,94.22611",779.0
"28.13396,94.61195",965.0
"28.13496,94.61195",1038.0
"28.13396,94.61295",981.0
"28.13424,94.62013",893.0
"28.13524,94.62013",950.0
"28.13424,94.62113",929.0
"28.13776,94.62431",811.0
"28.13876,94.62431",817.0
"28.13776,94.62531",784.0
"28.19222,94.71393",349.0
"28.19322,94.71393",334.0
"28.19222,94.71493",312.0
"28.31063,94.67564",353.0
"28.31163,94.67564",343.0
"28.31063,94.67664",319.0
"28.35550,94.67954",362.0
"28.35650,94.67954",379.0
"28.35550,94.68054",342.0
"28.42739,94.67458",584.0
"28.42839,94.67458",602.0
"28.42739,94.67558",567.0
"28.42636,94.67740",562.0
"28.42736,94.67740",525.0
"28.42636,94.67840",568.0
"28.42993,94.67780",561.0
"28.43093,94.67780",470.0
"28.42993,94.67880",540.0
"28.43062,94.67423",554.0
"28.43162,94.67423",528.0
"28.43062,94.67523",507.0
"28.44302,94.66479",523.0
"28.44402,94.66479",584.0
"28.44302,94.66580",502.0
"28.44008,94.66913",446.0
"28.44108,94.66913",397.0
"28.44008,94.67013",406.0
"28.43934,94.66933",473.0
"28.44034,94.66933",436.0
"28.43934,94.67033",424.0
"28.44303,94.66807",501.0
"28.44403,94.66807",465.0
"28.44303,94.66907",453.0
"28.43602,94.66874",564.0
"28.43702,94.66874",562.0
"28.43602,94.66974",505.0
"28.54318,94.63399",675.0
"28.54418,94.63399",598.0
"28.54318,94.63499",712.0
"28.53547,94.59706",937.0
"28.53647,94.59706",910.0
"28.53547,94.59806",988.0
"28.45566,94.68028",417.0
"28.45666,94.68028",461.0
"28.45566,94.68128",414.0
"28.45577,94.68066",417.0
"28.45677,94.68066",461.0
"28.45577,94.68166",393.0
"28.45927,94.68011",350.0
"28.46027,94.68011",362.0
"28.45927,94.68111",349.0
"28.50631,94.87336",1228.0
"28.50731,94.87336",1226.0
"28.50631,94.87436",1212.0
"28.78243,94.81055",484.0
"28.78343,94.81055",462.0
"28.78243,94.81155",523.0
"28.81013,94.78551",700.0
"28.81113,94.78551",757.0
"28.81013,94.78651",704.0
"28.81688,94.79103",670.0
"28.81788,94.79103",616.0
"28.81688,94.79203",665.0
"28.81701,94.79175",665.0
"28.81801,94.79175",604.0
"28.81701,94.79275",651.0
"28.79328,94.84848",1085.0
"28.79428,94.84848",1079.0
"28.79328,94.84948",1024.0
"28.80008,94.84226",995.0
"28.80108,94.84226",954.0
"28.80008,94.84327",964.0
"28.78794,94.82010",597.0
"28.78894,94.82010",644.0
"28.78794,94.82110",660.0
"28.78749,94.81942",563.0
"28.78849,94.81942",593.0
"28.78749,94.82043",588.0
"28.78700,94.81686",538.0
"28.78800,94.81686",505.0
"28.78700,94.81786",558.0
"28.76266,94.86014",608.0
"28.76366,94.86014",652.0
"28.76266,94.86114",555.0
"28.77941,94.85933",799.0
"28.78041,94.85933",824.0
"28.77941,94.86033",753.0
"28.83010,94.87471",593.0
"28.83110,94.87471",585.0
"28.83010,94.87571",530.0
"28.72937,94.92012",441.0
"28.73037,94.92012",464.0
"28.72937,94.92112",456.0
"28.75493,94.89540",603.0
"28.75593,94.89540",577.0
"28.75493,94.89640",648.0
"28.75281,94.89387",621.0
"28.75381,94.89387",590.0
"28.75281,94.89487",639.0
"28.74408,94.86976",445.0
"28.74508,94.86976",401.0
"28.74408,94.87076",496.0
"28.74058,94.86732",447.0
"28.74158,94.86732",477.0
"28.74058,94.86832",456.0
"28.74087,94.86640",540.0
"28.74187,94.86640",546.0
"28.74087,94.86740",477.0
"28.69384,94.97378",451.0
"28.69484,94.97378",480.0
"28.69384,94.97478",429.0
"28.69478,95.00189",538.0
"28.69578,95.00189",539.0
"28.69478,95.00289",508.0
"28.69453,95.00200",538.0
"28.69553,95.00200",539.0
"28.69453,95.00300",508.0
"28.70675,94.98530",606.0
"28.70775,94.98530",661.0
"28.70675,94.98630",637.0
"28.72019,94.97164",436.0
"28.72119,94.97164",471.0
"28.72019,94.97264",440.0
"28.71643,94.96935",348.0
"28.71743,94.96935",355.0
"28.71643,94.97035",384.0
"28.72317,94.95969",337.0
"28.72417,94.95969",393.0
"28.72317,94.96069",400.0
"28.60553,95.10553",1281.0
"28.60653,95.10553",1289.0
"28.60553,95.10653",1305.0
"28.61503,95.05331",602.0
"28.61603,95.05331",608.0
"28.61503,95.05431",648.0
"28.61733,95.04956",584.0
"28.61833,95.04956",649.0
"28.61733,95.05056",601.0
"28.61767,95.05644",737.0
"28.61867,95.05644",766.0
"28.61767,95.05744",772.0
"28.61992,95.05758",846.0
"28.62092,95.05758",922.0
"28.61992,95.05858",893.0
"28.61467,95.06361",891.0
"28.61567,95.06361",921.0
"28.61467,95.06461",922.0
"28.60936,95.08858",1209.0
"28.61036,95.08858",1199.0
"28.60936,95.08958",1216.0
"28.63386,95.02381",335.0
"28.63486,95.02381",333.0
"28.63386,95.02481",399.0
"28.63236,95.03792",465.0
"28.63336,95.03792",458.0
"28.63236,95.03892",492.0
"28.63939,95.03364",455.0
"28.64039,95.03364",462.0
"28.63939,95.03464",485.0
"28.62272,95.04353",573.0
"28.62372,95.04353",614.0
"28.62272,95.04453",601.0
"28.62697,95.03572",472.0
"28.62797,95.03572",492.0
"28.62697,95.03672",554.0
"28.53153,95.05042",513.0
"28.53253,95.05042",587.0
"28.53153,95.05142",472.0
"28.55047,95.06325",732.0
"28.55147,95.06325",696.0
"28.55047,95.06425",735.0
"28.26005,94.98475",326.0
"28.26105,94.98475",326.0
"28.26005,94.98575",279.0
"28.26596,94.98346",334.0
"28.26696,94.98346",312.0
"28.26596,94.98446",263.0
"28.26950,94.98253",331.0
"28.27050,94.98253",342.0
"28.26950,94.98353",289.0
"28.28025,94.95390",274.0
"28.28125,94.95390",223.0
"28.28025,94.95490",245.0
"28.27402,94.96250",337.0
"28.27502,94.96250",266.0
"28.27402,94.96350",330.0
"28.34255,94.98714",476.0
"28.34355,94.98714",530.0
"28.34255,94.98814",433.0
"28.33538,94.95651",344.0
"28.33638,94.95651",318.0
"28.33538,94.95751",241.0
"28.28230,94.86303",345.0
"28.28330,94.86303",356.0
"28.28230,94.86403",342.0
"28.30377,94.94873",406.0
"28.30477,94.94873",473.0
"28.30377,94.94973",368.0
"28.28732,94.94765",307.0
"28.28832,94.94765",263.0
"28.28732,94.94865",260.0
"28.23536,94.93333",300.0
"28.23636,94.93333",261.0
"28.23536,94.93433",380.0
"28.23247,94.91489",393.0
"28.23347,94.91489",346.0
"28.23247,94.91589",321.0
"28.22558,94.88917",284.0
"28.22658,94.88917",276.0
"28.22558,94.89017",292.0
"28.22672,94.89561",299.0
"28.22772,94.89561",298.0
"28.22672,94.89661",265.0
"28.22853,94.90428",278.0
"28.22953,94.90428",255.0
"28.22853,94.90528",287.0
"28.20839,94.83067",224.0
"28.20939,94.83067",224.0
"28.20839,94.83167",323.0
"28.20267,94.82842",298.0
"28.20367,94.82842",284.0
"28.20267,94.82942",323.0
"28.16425,94.79242",334.0
"28.16525,94.79242",330.0
"28.16425,94.79342",262.0
"28.14114,94.78658",382.0
"28.14214,94.78658",369.0
"28.14114,94.78758",364.0
"28.13378,94.78800",366.0
"28.13478,94.78800",363.0
"28.13378,94.78900",365.0
"28.19244,94.98492",1068.0
"28.19344,94.98492",1062.0
"28.19244,94.98592",965.0
"28.23736,94.95481",316.0
"28.23836,94.95481",229.0
"28.23736,94.95581",304.0
"28.23483,94.97228",247.0
"28.23583,94.97228",256.0
"28.23483,94.97328",262.0
"28.17481,95.02511",254.0
"28.17581,95.02511",240.0
"28.17481,95.02611",245.0
"28.13169,95.13619",202.0
"28.13269,95.13619",180.0
"28.13169,95.13719",205.0
"28.13361,95.11125",243.0
"28.13461,95.11125",193.0
"28.13361,95.11225",215.0
"28.13506,95.14544",255.0
"28.13606,95.14544",295.0
"28.13506,95.14644",296.0
"28.09351,95.27253",462.0
"28.09451,95.27253",439.0
"28.09351,95.27353",492.0
"28.09728,95.28003",335.0
"28.09829,95.28003",325.0
"28.09728,95.28103",290.0
"28.09414,95.28257",301.0
"28.09514,95.28257",304.0
"28.09414,95.28357",277.0
"28.09563,95.28137",306.0
"28.09663,95.28137",283.0
"28.09563,95.28237",310.0
"28.09965,95.28567",178.0
"28.10065,95.28567",154.0
"28.09965,95.28667",154.0
"28.09971,95.28489",189.0
"28.10071,95.28489",154.0
"28.09971,95.28589",168.0
"28.09986,95.28297",211.0
"28.10086,95.28297",155.0
"28.09986,95.28397",183.0
"28.10103,95.28236",185.0
"28.10203,95.28236",155.0
"28.10103,95.28336",155.0
"28.10390,95.27946",219.0
"28.10490,95.27946",197.0
"28.10390,95.28046",164.0
"28.09966,95.28783",154.0
"28.10066,95.28783",154.0
"28.09966,95.28883",154.0
"28.14230,95.28813",177.0
"28.14330,95.28813",226.0
"28.14230,95.28913",210.0
"28.14255,95.28789",226.0
"28.14355,95.28789",275.0
"28.14255,95.28889",265.0
"28.14151,95.28920",188.0
"28.14251,95.28920",270.0
"28.14151,95.29020",225.0
"28.14064,95.29212",278.0
"28.14164,95.29212",327.0
"28.14064,95.29312",312.0
"28.14384,95.28597",201.0
"28.14484,95.28597",253.0
"28.14384,95.28697",241.0
"28.14005,95.26659",557.0
"28.14105,95.26659",521.0
"28.14005,95.26759",483.0
"28.14091,95.26697",501.0
"28.14192,95.26697",527.0
"28.14091,95.26797",488.0
"28.13881,95.25482",620.0
"28.13981,95.25482",558.0
"28.13881,95.25582",581.0
"28.11722,95.27308",313.0
"28.11822,95.27308",293.0
"28.11722,95.27408",327.0
"28.11385,95.27339",364.0
"28.11485,95.27339",370.0
"28.11385,95.27439",327.0
"28.11474,95.27358",370.0
"28.11574,95.27358",364.0
"28.11474,95.27458",336.0
"28.11462,95.27372",370.0
"28.11562,95.27372",364.0
"28.11462,95.27472",336.0
"28.11312,95.27094",382.0
"28.11412,95.27094",394.0
"28.11312,95.27194",340.0
"28.10916,95.26908",423.0
"28.11016,95.26908",419.0
"28.10916,95.27008",374.0
"28.10169,95.27186",365.0
"28.10269,95.27186",326.0
"28.10169,95.27286",334.0
"28.09938,95.27268",284.0
"28.10038,95.27268",302.0
"28.09938,95.27368",253.0
"28.09704,95.27475",375.0
"28.09804,95.27475",338.0
"28.09704,95.27575",329.0
"28.09716,95.27082",306.0
"28.09816,95.27082",315.0
"28.09716,95.27182",331.0
"28.10636,95.26859",436.0
"28.10736,95.26859",428.0
"28.10636,95.26959",407.0
"28.14250,95.23919",509.0
"28.14350,95.23919",499.0
"28.14250,95.24019",500.0
"28.14531,95.23917",653.0
"28.14631,95.23917",734.0
"28.14531,95.24017",639.0
"28.16961,95.24064",267.0
"28.17061,95.24064",334.0
"28.16961,95.24164",276.0
"28.16939,95.23572",365.0
"28.17039,95.23572",412.0
"28.16939,95.23672",294.0
"28.15074,95.27512",220.0
"28.15174,95.27512",331.0
"28.15074,95.27612",250.0
"28.14585,95.27369",248.0
"28.14685,95.27369",180.0
"28.14585,95.27469",208.0
"28.14563,95.27581",258.0
"28.14663,95.27581",181.0
"28.14563,95.27681",190.0
"28.14957,95.27718",237.0
"28.15057,95.27718",270.0
"28.14957,95.27818",250.0
"28.14842,95.27796",208.0
"28.14942,95.27796",250.0
"28.14842,95.27896",239.0
"28.14787,95.27999",251.0
"28.14887,95.27999",300.0
"28.14787,95.28099",291.0
"28.19939,95.23028",418.0
"28.20039,95.23028",480.0
"28.19939,95.23128",456.0
"28.21303,95.23253",382.0
"28.21403,95.23253",385.0
"28.21303,95.23353",394.0
"28.19450,95.22792",278.0
"28.19550,95.22792",263.0
"28.19450,95.22892",308.0
"28.19150,95.22592",310.0
"28.19250,95.22592",261.0
"28.19150,95.22692",361.0
"28.17556,95.22186",310.0
"28.17656,95.22186",241.0
"28.17556,95.22286",316.0
"28.18114,95.22594",335.0
"28.18214,95.22594",361.0
"28.18114,95.22694",394.0
"28.17886,95.22806",283.0
"28.17986,95.22806",365.0
"28.17886,95.22906",323.0
"28.16958,95.22392",331.0
"28.17058,95.22392",380.0
"28.16958,95.22492",363.0
"28.14781,95.22483",693.0
"28.14881,95.22483",688.0
"28.14781,95.22583",712.0
"28.15303,95.21829",802.0
"28.15403,95.21829",763.0
"28.15303,95.21929",682.0
"28.15411,95.18169",445.0
"28.15511,95.18169",303.0
"28.15411,95.18269",483.0
"28.26689,95.21425",580.0
"28.26789,95.21425",622.0
"28.26689,95.21525",581.0
"28.27200,95.20842",651.0
"28.27300,95.20842",686.0
"28.27200,95.20942",640.0
"28.29156,95.19911",679.0
"28.29256,95.19911",754.0
"28.29156,95.20011",679.0
"28.28050,95.20156",658.0
"28.28150,95.20156",671.0
"28.28050,95.20256",697.0
"28.31050,95.19747",626.0
"28.31150,95.19747",619.0
"28.31050,95.19847",688.0
"28.30169,95.19536",617.0
"28.30269,95.19536",595.0
"28.30169,95.19636",620.0
"28.32289,95.20369",668.0
"28.32389,95.20369",632.0
"28.32289,95.20469",669.0
"28.36642,95.22119",549.0
"28.36742,95.22119",503.0
"28.36642,95.22219",581.0
"28.39911,95.24136",603.0
"28.40011,95.24136",586.0
"28.39911,95.24236",640.0
"28.38672,95.24083",660.0
"28.38772,95.24083",655.0
"28.38672,95.24183",689.0
"28.37869,95.23067",676.0
"28.37969,95.23067",671.0
"28.37869,95.23167",781.0
"28.38483,95.23381",659.0
"28.38583,95.23381",594.0
"28.38483,95.23481",654.0
"28.38681,95.24011",645.0
"28.38781,95.24011",637.0
"28.38681,95.24111",660.0
"28.40242,95.24594",586.0
"28.40342,95.24594",586.0
"28.40242,95.24694",579.0
"28.40214,95.24394",583.0
"28.40314,95.24394",583.0
"28.40214,95.24494",604.0
"28.41272,95.24772",796.0
"28.41372,95.24772",818.0
"28.41272,95.24872",819.0
"28.41503,95.24708",816.0
"28.41603,95.24708",860.0
"28.41503,95.24808",880.0
"28.16571,95.46208",449.0
"28.16671,95.46208",452.0
"28.16571,95.46308",417.0
"28.16568,95.46291",417.0
"28.16668,95.46291",470.0
"28.16568,95.46391",414.0
"28.18183,95.46983",393.0
"28.18283,95.46983",387.0
"28.18183,95.47083",353.0
"28.18136,95.47010",365.0
"28.18237,95.47010",356.0
"28.18136,95.47110",350.0
"28.17566,95.47080",355.0
"28.17666,95.47080",395.0
"28.17566,95.47180",378.0
"28.17497,95.46940",365.0
"28.17597,95.46940",380.0
"28.17497,95.47040",383.0
"28.17508,95.46960",363.0
"28.17608,95.46960",380.0
"28.17508,95.47060",355.0
"28.17926,95.47707",386.0
"28.18026,95.47707",390.0
"28.17926,95.47807",371.0
"28.18658,95.47113",392.0
"28.18758,95.47113",441.0
"28.18658,95.47213",436.0
"28.16317,95.45043",456.0
"28.16417,95.45043",499.0
"28.16317,95.45143",444.0
"28.16369,95.45800",430.0
"28.16469,95.45800",461.0
"28.16369,95.45900",444.0
"28.16332,95.45981",428.0
"28.16432,95.45981",460.0
"28.16332,95.46081",413.0
"28.16250,95.44124",502.0
"28.16350,95.44124",534.0
"28.16250,95.44224",471.0
"28.16066,95.44675",488.0
"28.16166,95.44675",525.0
"28.16066,95.44776",480.0
"28.16085,95.44692",507.0
"28.16185,95.44692",525.0
"28.16085,95.44792",511.0
"28.16798,95.43176",466.0
"28.16898,95.43176",475.0
"28.16798,95.43276",503.0
"28.22789,95.54108",531.0
"28.22889,95.54108",535.0
"28.22789,95.54208",503.0
"28.23772,95.53561",598.0
"28.23872,95.53561",582.0
"28.23772,95.53661",580.0
"28.24297,95.53755",619.0
"28.24397,95.53755",641.0
"28.24297,95.53855",600.0
"28.24244,95.53683",591.0
"28.24344,95.53683",652.0
"28.24244,95.53783",569.0
"28.24342,95.53822",641.0
"28.24442,95.53822",618.0
"28.24342,95.53922",620.0
"28.19258,95.80409",712.0
"28.19358,95.80409",666.0
"28.19258,95.80509",724.0
"28.19386,95.80547",715.0
"28.19486,95.80547",724.0
"28.19386,95.80647",779.0
"28.19465,95.80709",781.0
"28.19565,95.80709",717.0
"28.19465,95.80809",755.0
"28.17343,95.83661",423.0
"28.17443,95.83661",427.0
"28.17343,95.83761",477.0
"28.17119,95.83317",408.0
"28.17219,95.83317",407.0
"28.17119,95.83417",468.0
"28.24104,95.86639",1819.0
"28.24204,95.86639",1787.0
"28.24104,95.86739",1845.0
"28.24052,95.86659",1809.0
"28.24152,95.86659",1819.0
"28.24052,95.86759",1898.0
"28.22383,95.82910",1390.0
"28.22483,95.82910",1354.0
"28.22383,95.83011",1382.0
"28.20184,95.81200",907.0
"28.20284,95.81200",896.0
"28.20184,95.81300",972.0
"28.19987,95.81188",861.0
"28.20087,95.81188",887.0
"28.19987,95.81288",896.0
"28.19802,95.81045",795.0
"28.19902,95.81045",751.0
"28.19802,95.81145",808.0
"28.20284,95.81120",829.0
"28.20384,95.81120",816.0
"28.20284,95.81220",896.0
"28.20500,95.81319",870.0
"28.20600,95.81319",922.0
"28.20500,95.81419",903.0
"28.20770,95.80920",967.0
"28.20870,95.80920",1005.0
"28.20770,95.81020",972.0
"28.20737,95.81005",932.0
"28.20837,95.81005",1004.0
"28.20737,95.81105",949.0
"28.20780,95.80774",935.0
"28.20880,95.80774",977.0
"28.20780,95.80874",967.0
"28.21998,95.79906",1137.0
"28.22098,95.79906",1057.0
"28.21998,95.80007",1131.0
"28.21625,95.79639",1108.0
"28.21725,95.79639",1150.0
"28.21625,95.79739",1093.0
"28.21501,95.79976",1016.0
"28.21601,95.79976",1087.0
"28.21501,95.80076",1038.0
"28.21593,95.79956",1087.0
"28.21693,95.79956",1154.0
"28.21593,95.80056",1124.0
"28.21221,95.80127",921.0
"28.21321,95.80127",932.0
"28.21221,95.80227",964.0
"28.20902,95.80348",949.0
"28.21002,95.80348",953.0
"28.20902,95.80448",919.0
"28.21228,95.80259",974.0
"28.21328,95.80259",1019.0
"28.21228,95.80359",1018.0
"28.21267,95.80319",1019.0
"28.21367,95.80319",1038.0
"28.21267,95.80419",1098.0
"28.20906,95.80675",918.0
"28.21006,95.80675",907.0
"28.20906,95.80776",977.0
"28.21700,95.79058",967.0
"28.21800,95.79058",933.0
"28.21700,95.79158",978.0
"28.21754,95.79249",1012.0
"28.21854,95.79249",1047.0
"28.21754,95.79349",1050.0
"28.21759,95.79303",1029.0
"28.21860,95.79303",1086.0
"28.21759,95.79403",1050.0
"28.21521,95.79370",945.0
"28.21621,95.79370",939.0
"28.21521,95.79470",995.0
"28.21586,95.79523",1059.0
"28.21686,95.79523",1095.0
"28.21586,95.79623",1108.0
"28.21854,95.79402",1124.0
"28.21954,95.79402",1101.0
"28.21854,95.79502",1187.0
"28.21909,95.79108",986.0
"28.22009,95.79108",1016.0
"28.21909,95.79208",1047.0
"28.21720,95.78960",914.0
"28.21820,95.78960",873.0
"28.21720,95.79060",967.0
"28.24502,95.77363",805.0
"28.24602,95.77363",778.0
"28.24502,95.77463",776.0
"28.24537,95.77406",805.0
"28.24637,95.77406",778.0
"28.24537,95.77506",758.0
"28.24485,95.77350",819.0
"28.24585,95.77350",778.0
"28.24485,95.77450",778.0
"28.24044,95.77420",822.0
"28.24144,95.77420",818.0
"28.24044,95.77520",775.0
"28.23701,95.77620",836.0
"28.23801,95.77620",786.0
"28.23701,95.77720",801.0
"28.23948,95.77456",871.0
"28.24048,95.77456",822.0
"28.23948,95.77556",816.0
"28.23814,95.77476",901.0
"28.23914,95.77476",898.0
"28.23814,95.77576",834.0
"28.23420,95.77704",829.0
"28.23520,95.77704",794.0
"28.23420,95.77804",805.0
"28.22981,95.77985",930.0
"28.23081,95.77985",888.0
"28.22981,95.78086",870.0
"28.22911,95.78002",898.0
"28.23011,95.78002",859.0
"28.22911,95.78102",869.0
"28.22770,95.78137",875.0
"28.22870,95.78137",869.0
"28.22770,95.78237",878.0
"28.24300,95.77214",799.0
"28.24400,95.77214",796.0
"28.24300,95.77314",785.0
"28.30900,95.75470",907.0
"28.31000,95.75470",882.0
"28.30900,95.75570",937.0
"28.33836,95.78172",708.0
"28.33936,95.78172",643.0
"28.33836,95.78272",640.0
"28.32755,95.78392",690.0
"28.32855,95.78392",699.0
"28.32755,95.78492",734.0
"28.32225,95.78029",735.0
"28.32325,95.78029",638.0
"28.32225,95.78130",772.0
"28.32114,95.77935",777.0
"28.32214,95.77935",698.0
"28.32114,95.78035",817.0
"28.29170,95.77618",1068.0
"28.29270,95.77618",997.0
"28.29170,95.77718",1042.0
"28.25952,95.78034",692.0
"28.26052,95.78034",731.0
"28.25952,95.78134",627.0
"28.25799,95.78162",605.0
"28.25899,95.78162",607.0
"28.25799,95.78262",667.0
"28.25726,95.77776",669.0
"28.25826,95.77776",722.0
"28.25726,95.77876",637.0
"28.25218,95.77580",748.0
"28.25318,95.77580",701.0
"28.25218,95.77680",635.0
"28.25251,95.78174",749.0
"28.25351,95.78174",726.0
"28.25251,95.78274",825.0
"28.26681,95.78911",765.0
"28.26781,95.78911",727.0
"28.26681,95.79011",894.0
"28.27772,95.78936",679.0
"28.27872,95.78936",667.0
"28.27772,95.79036",727.0
"28.27354,95.78942",718.0
"28.27454,95.78942",682.0
"28.27354,95.79042",771.0
"28.28925,95.78547",556.0
"28.29025,95.78547",509.0
"28.28925,95.78647",611.0
"28.29748,95.79102",623.0
"28.29848,95.79102",561.0
"28.29748,95.79202",640.0
"28.33525,95.78847",743.0
"28.33625,95.78847",689.0
"28.33525,95.78947",686.0
"28.33034,95.79431",619.0
"28.33134,95.79431",556.0
"28.33034,95.79531",597.0
"28.43429,95.87611",688.0
"28.43529,95.87611",753.0
"28.43429,95.87711",677.0
"28.44843,95.85530",779.0
"28.44943,95.85530",796.0
"28.44843,95.85630",799.0
"28.43890,95.85009",754.0
"28.43990,95.85009",782.0
"28.43890,95.85109",775.0
"28.26679,95.60726",466.0
"28.26779,95.60726",471.0
"28.26679,95.60826",499.0
"28.26627,95.60939",496.0
"28.26727,95.60939",508.0
"28.26627,95.61039",463.0
"28.26906,95.61077",499.0
"28.27006,95.61077",508.0
"28.26906,95.61177",450.0
"28.26986,95.61076",501.0
"28.27086,95.61076",517.0
"28.26986,95.61176",454.0
"28.26299,95.59932",512.0
"28.26399,95.59932",538.0
"28.26299,95.60032",496.0
"28.25526,95.58261",425.0
"28.25626,95.58261",415.0
"28.25526,95.58361",406.0
"28.25506,95.57700",463.0
"28.25606,95.57700",460.0
"28.25506,95.57800",458.0
"28.25391,95.57844",444.0
"28.25492,95.57844",454.0
"28.25391,95.57944",445.0
"28.25451,95.58156",444.0
"28.25551,95.58156",446.0
"28.25451,95.58256",416.0
"28.26580,95.57089",522.0
"28.26680,95.57089",610.0
"28.26580,95.57189",539.0
"28.26527,95.56964",603.0
"28.26627,95.56964",640.0
"28.26527,95.57064",553.0
"28.26433,95.56580",486.0
"28.26533,95.56580",502.0
"28.26433,95.56680",564.0
"28.26281,95.56542",433.0
"28.26381,95.56542",450.0
"28.26281,95.56642",485.0
"28.26115,95.56733",471.0
"28.26215,95.56733",488.0
"28.26115,95.56833",479.0
"28.26138,95.56691",471.0
"28.26238,95.56691",488.0
"28.26138,95.56791",484.0
"28.26200,95.56626",472.0
"28.26300,95.56626",485.0
"28.26200,95.56726",488.0
"28.26234,95.56570",421.0
"28.26334,95.56570",450.0
"28.26234,95.56670",488.0
"28.25956,95.56897",445.0
"28.26056,95.56897",438.0
"28.25956,95.56997",469.0
"28.26323,95.57096",516.0
"28.26423,95.57096",493.0
"28.26323,95.57196",582.0
"28.26347,95.57066",501.0
"28.26447,95.57066",522.0
"28.26347,95.57166",579.0
"28.26460,95.57152",493.0
"28.26560,95.57152",522.0
"28.26460,95.57252",598.0
"28.25613,95.57615",469.0
"28.25713,95.57615",459.0
"28.25613,95.57715",460.0
"28.25643,95.57515",470.0
"28.25743,95.57515",474.0
"28.25643,95.57615",469.0
"28.26556,95.56344",474.0
"28.26656,95.56344",540.0
"28.26556,95.56444",479.0
"28.26556,95.56285",466.0
"28.26656,95.56285",533.0
"28.26556,95.56385",474.0
"28.26722,95.55954",429.0
"28.26822,95.55954",474.0
"28.26722,95.56054",466.0
"28.26753,95.56105",579.0
"28.26853,95.56105",567.0
"28.26753,95.56205",629.0
"28.26597,95.56093",457.0
"28.26697,95.56093",524.0
"28.26597,95.56193",509.0
"28.26584,95.56387",540.0
"28.26684,95.56387",613.0
"28.26584,95.56488",537.0
"28.26825,95.55546",523.0
"28.26925,95.55546",635.0
"28.26825,95.55646",514.0
"28.26773,95.55148",467.0
"28.26873,95.55148",513.0
"28.26773,95.55248",511.0
"28.26553,95.54932",466.0
"28.26653,95.54932",418.0
"28.26553,95.55032",423.0
"28.26373,95.55133",486.0
"28.26473,95.55133",414.0
"28.26373,95.55233",407.0
"28.26489,95.55057",503.0
"28.26589,95.55057",394.0
"28.26489,95.55157",414.0
"28.26288,95.55191",467.0
"28.26388,95.55191",407.0
"28.26288,95.55291",410.0
